patent_id,score,confidence,justification,tokens_in,tokens_out,elapsed
7702671,0.85,high,"The claim applies established machine learning techniques (confidence score thresholding, tracking user behavior) to a new data environment (failed queries in search sessions) without disclosing any technological improvement to the machine learning model itself.",673,66,4.5
7739087,0.15,medium,"The claim recites a specific technological improvement: using real-time clocks and radar signals to form a frame of reference for determining relative positions, which is a novel data processing technique rather than merely applying established ML to a new domain.",569,69,4.69
7844364,0.1,high,"The claim recites a specific technological improvement to the model itself, namely a dispersal velocity computation based on relative positions to achieve uniform separation within a boundary, which is a novel control algorithm for robotic devices, not merely applying established ML to a new domain.",464,74,4.73
7861304,0.15,high,"The claim recites a specific technological improvement to pattern matching by embedding a function that expands a deterministic finite state automaton into a non-deterministic one, enabling arbitrary scanning, calculations, and algorithmic analysis, which is a model-level improvement rather than merely applying established ML to a new domain.",644,82,4.79
7806832,0.85,high,"The claim applies established machine learning techniques to a new data environment (detecting atrial fibrillation from plethysmographic waveforms) without disclosing any technological improvement to the model itself, such as a new architecture, loss function, or training procedure.",554,72,4.91
7685241,0.85,high,"The claim applies established machine learning techniques (storing associations, monitoring services, determining active participation) to a new data environment (mapping user IDs between separate online services) without disclosing any technological improvement to the model itself.",607,69,5.7
7752220,0.95,high,"The claim applies established machine learning techniques (scoring based on bids, selecting alternative terms) to a new data environment (search query processing with bids) without disclosing any technological improvement to the model itself.",630,65,5.84
7767238,0.0,high,"The claim recites a specific chemical composition with a defined structural feature (C6-C3 phenylpropenoic carbonyl structure) and a functional effect (lessening degradation under fluorescent light), which is a technological improvement in the composition itself, not an application of established machine learning.",457,80,6.47
7788086,0.85,high,"The claim applies established clustering and sentiment analysis techniques to product reviews without disclosing any improvement to the machine learning models themselves, as it uses pre-defined keyword-based clustering and standard sentiment assignment.",788,61,1.6
7702647,0.85,high,"The claim recites generating nodes and nexuses as software objects with a tuple format, which is a data representation technique applied to information storage without disclosing any improvement to the underlying machine learning model or algorithm.",592,65,1.94
7779013,0.85,high,"The claim applies established graph-based traversal and weighting techniques to a new data environment (web search efficiency) without disclosing any improvement to the underlying machine learning model, architecture, or training procedure.",710,62,2.05
7725424,0.95,high,"The claim applies established machine learning techniques (e.g., query expansion, scoring, and selection) to a new data environment (banner advertisement presentation) without disclosing any technological improvement to the model itself.",724,65,2.23
7769582,0.85,high,"The claim applies established noise removal and uncertainty estimation techniques (correction vectors, variance functions, probability distributions) to a noisy signal without disclosing any improvement to the underlying machine learning model architecture, loss function, or training procedure.",495,69,2.39
7778837,0.85,high,"The claim applies established machine learning techniques (SVM, classification encoder, local language models) to a new data environment (query log summarization for local interests) without disclosing any technological improvement to the models themselves.",565,67,1.78
7827499,0.85,high,The claim applies established data visualization techniques (treemap-like hierarchical partitioning) to a new data environment (multi-attribute time-series hierarchical dataset) without disclosing any technological improvement to the underlying model or algorithm.,652,66,1.87
7644006,0.85,high,The claim applies established data mapping and visualization techniques to a new business process data environment without disclosing any improvement to the underlying machine learning model or data processing method.,476,56,1.64
7836108,0.85,high,"The claim applies established clustering and document comparison techniques to a web crawling environment without disclosing any improvement to the machine learning model itself, such as a new architecture or training procedure.",521,59,1.77
7856123,0.85,high,"The claim applies established linear discriminant analysis (LDA) and projection techniques to face recognition without disclosing any improvement to the underlying machine learning model, architecture, loss function, or training procedure.",619,62,1.8
7801758,0.85,high,"The claim applies established machine learning techniques (e.g., adaptive questioning based on expected answers) to a new data environment (regulatory compliance surveys) without disclosing any improvement to the underlying model architecture, loss function, training procedure, representation, or sampling method.",707,76,2.2
7852392,0.0,high,"The claim recites specific structural and material improvements to an image pick-up apparatus, such as an inorganic layer with defined surfaces and a flattening layer, and a columnar crystalline scintillator deposited on the flat surface, which are technological improvements to the device itself, not merely applying established machine learning to a new data environment.",583,88,2.13
7761742,0.85,high,"The claim applies established machine learning techniques (iterative training, dynamic updating of parameters based on effectiveness) to a system performance monitoring domain without disclosing any improvement to the machine learning model itself, as it merely uses a simple formula AE=½[I(t1)−I(t2)+1] for estimation.",650,86,2.32
7689490,0.85,high,"The claim applies established machine learning techniques (generating a service score based on attributes, matching resources using preference points) to a new data environment (securities research entity account management) without disclosing any technological improvement to the model itself.",670,71,1.93
7680753,0.85,high,"The claim applies established machine learning techniques (supervised training, detectors, reasoning engine) to a new data environment (fault identification in core electronic systems) without disclosing any specific technological improvement to the machine learning models themselves.",719,69,1.76
7720296,0.85,high,"The claim applies established machine learning techniques (test vectors, prediction vectors, image comparison, ranking) to a displacement vector determination problem without disclosing any improvement to the underlying model architecture, loss function, or training procedure.",602,67,1.9
7770136,0.85,high,"The claim applies established machine learning techniques (gesture recognition and similarity matching) to a new data environment (gesture recognition tutorial system) without disclosing any technological improvement to the model itself, such as a new architecture or training procedure.",632,71,1.95
7721310,0.85,high,"The claim applies established machine learning techniques (implicit/explicit recommenders, generating recommendation scores, updating user profile based on feedback) to a new data environment (program content preferences) without disclosing any technological improvement to the model itself.",510,71,2.21
7689424,0.85,high,"The claim applies established speech recognition techniques (modeling parameters, stored form association) to a distributed network environment with load balancing, without disclosing any improvement to the underlying machine learning model.",554,61,1.7
7647378,0.85,high,The claim applies established presence awareness and search limitation techniques to a collaborative computing environment without disclosing any technological improvement to the underlying machine learning models or algorithms.,641,54,1.65
7821578,0.1,high,"The claim recites specific technological improvements to noise reduction models, such as a spatial noise reducer, temporal noise reducer, tone-based skipping, and adaptive mode selection based on video characteristics, which go beyond merely applying established machine learning to a new data environment.",571,74,2.09
7783474,0.85,high,"The claim applies established machine learning techniques (pronunciation generation using component lists and language model lookups) to a new data environment (adding phrase pronunciations to a language model) without disclosing any improvement to the underlying model architecture, loss function, training procedure, representation, or sampling method.",633,81,1.96
7647405,0.85,high,"The claim applies established machine learning techniques (weight adjustment formulas) to a new data environment (server load balancing) without disclosing a technological improvement to the model itself, as it merely recites mathematical formulas and metrics like oscillation metrics and CPU delay metrics that are incident to the nature of load balancing.",678,83,2.29
7702618,0.85,high,The claim applies established indexing and information-retrieval techniques to a new data environment (archival index of documents with date ranges) without disclosing any technological improvement to the underlying machine learning model or indexing algorithm.,575,66,1.83
7720857,0.85,high,"The claim applies established machine learning techniques (semantic net, visualization graph, sectors, attractors) to a new data environment (entities and relations) without disclosing any technological improvement to the model itself.",776,65,1.9
7752612,0.85,high,"The claim applies established optimization techniques (identifying constraints, applying rules) to a database reorganization domain without disclosing any technological improvement to the underlying model or algorithm.",484,56,1.69
8001074,0.85,high,"The claim applies established fuzzy logic and rule generation techniques to time-series data without disclosing any improvement to the underlying machine learning model, such as a new architecture, loss function, or training procedure.",611,63,1.85
7996400,0.85,high,"The claim applies established machine learning techniques (statistical correlation, classification) to a new data environment (search expertise based on query and browsing behavior) without disclosing any technological improvement to the machine learning model itself.",678,66,1.7
8000974,0.85,high,"The claim applies established natural language processing and voice command processing techniques to a new data environment (voice command human interface) without disclosing any improvement to the machine learning model itself, such as a new architecture or training procedure.",474,68,2.01
8086462,0.85,high,"The claim applies established data analysis and comparison techniques to a new data environment (automated spoken dialog service) without disclosing any improvement to the machine learning model itself, as it merely extracts, analyzes, compares, and modifies based on trends.",511,72,2.22
8046368,0.85,high,"The claim applies established machine learning techniques (indexing, similarity computation, interval generation based on distribution percentages) to a document retrieval system without disclosing any improvement to the underlying model architecture, loss function, training procedure, representation, or sampling method.",648,73,2.48
8009889,0.85,high,"The claim applies established iterative optimization and error function techniques to biological probe array image data without disclosing any improvement to the underlying machine learning model, architecture, or training procedure.",694,58,2.02
7925347,0.85,high,The claim applies established physiological calculations (Fick principle) and basic data aggregation (histogram) to a new data environment (implantable sensor data) without disclosing any improvement to the underlying machine learning model or computational technique.,454,70,2.08
7877676,0.85,high,"The claim applies established data processing and selection techniques to media content scenes based on importance attributes, without disclosing any improvement to the underlying machine learning model or algorithm.",556,56,1.86
8037057,0.85,high,The claim applies established database index analysis and statistics updating techniques to a new data environment (SQL workload) without disclosing any improvement to the underlying machine learning model or algorithm.,436,58,1.68
8078466,0.85,high,"The claim applies established machine learning techniques (coarticulation library, animation library, noise producing entity) to a new data environment (synchronizing speech and animation) without disclosing any technological improvement to the model itself.",464,68,1.81
8036307,0.1,high,"The claim recites specific technological improvements to wireless communication signal processing, such as applying weight vectors from an orthogonalizing matrix per frequency bin and converting weighted symbols via inverse Fourier Transform, which are not merely applying established machine learning to a new data environment.",494,73,1.85
7873636,0.85,high,The claim applies established hierarchical tree matching to a new data environment (network document filtering) without disclosing any improvement to the tree structure or matching algorithm itself.,512,55,1.54
7917460,0.85,high,"The claim applies established machine learning techniques (preprocessing, information extraction, evidence classification, fusion engine) to a new data environment (text documents) without disclosing any technological improvement to the models themselves, such as a new architecture or training procedure.",660,73,2.13
7962483,0.85,high,"The claim applies established association rule mining techniques (frequent itemsets, support counts, lattice, vertical representation) to a generic dataset without disclosing any improvement to the underlying machine learning model, architecture, or training procedure.",529,68,2.02
7917448,0.1,high,"The claim recites a specific technological improvement to a user interface for online dating services, namely associating notes with profiles and messages in a thread list view, which is not merely applying established machine learning to a new data environment.",541,68,1.95
7996391,0.85,high,"The claim applies established machine learning techniques (e.g., storing web page information based on access metrics) to a new data environment (web search results) without disclosing any technological improvement to the model itself.",679,65,1.73
8036933,0.85,high,"The claim applies established machine learning techniques (e.g., comparing values to a threshold, adjusting quantity based on commercial intent) to a new data environment (advertising links) without disclosing any technological improvement to the model itself.",501,69,2.03
8069185,0.85,high,"The claim applies established lexical reference and similarity analysis techniques to generate a concept dictionary for querying an information system, without disclosing any technological improvement to the underlying models or methods.",536,59,1.76
8024178,0.85,high,"The claim applies established machine learning techniques (e.g., identifying sentences, determining popularity based on document count) to a new data environment (text fragment completion) without disclosing any improvement to the machine learning model itself.",600,67,1.91
7881913,0.3,medium,"The claim recites a specific technological improvement: selecting between PDE and exemplar algorithms based on a void complexity predictor metric, which is a new method for void inpainting, not merely applying established ML to a new domain.",467,69,2.06
7996019,0.85,high,"The claim applies established machine learning techniques (pattern identification, historical data storage, and parameter-based retrieval) to a new data environment (location-based services) without disclosing any technological improvement to the model itself.",489,65,1.71
7970660,0.85,high,"The claim applies established data mining techniques to identify items with higher user activity among a subset of users from a particular organization, without disclosing any technological improvement to the underlying machine learning model.",519,61,1.85
8085982,0.85,high,"The claim applies established machine learning models (adaptive model, pose model, alignment model) to a new data environment (video tracking) without disclosing any technological improvement to the models themselves.",558,61,1.69
8036894,0.85,high,"The claim applies established unit selection speech synthesis techniques (matching using concatenation costs and unit costs, parsing into word units) to a new data environment (audio segments) without disclosing any improvement to the underlying machine learning model.",595,70,2.2
7876958,0.85,high,"The claim applies established machine learning techniques (learned generative zone model, heuristic search) to a new data environment (digital image decomposition into zones) without disclosing any technological improvement to the model itself.",462,64,2.15
7984169,0.85,high,The claim applies established anonymization techniques (rewriting display size in HTTP headers) to a new data environment (search queries) without disclosing any technological improvement to the underlying model or method.,462,62,2.06
8013864,0.85,high,The claim applies established machine learning visualization techniques (color mapping of multivariate output) to a new data environment without disclosing any improvement to the underlying model or visualization method.,547,57,1.71
8081209,0.85,high,"The claim applies established machine learning techniques (sparse coding, associative learning, orientation-selective filters) to a new data environment (radar returns with natural images) without disclosing any improvement to the machine learning models themselves.",598,69,1.77
8086011,0.85,high,"The claim applies established iterative reconstruction and smoothing operations to tomographic reconstruction without disclosing any specific technological improvement to the model itself, such as a new architecture or training procedure.",494,58,1.67
7899995,0.15,high,"The claim recites a specific technological improvement to GPGPU memory management (flush command to ensure data availability in shared memory for dependent computations), not merely applying established ML to a new domain.",567,61,1.92
8051163,0.85,high,"The claim applies established monitoring and synthetic transaction generation techniques to a network system without disclosing any improvement to the underlying machine learning models, as it merely integrates traffic monitoring data and application runtime data to generate synthetic transactions based on comparing scope to target metrics and current load.",622,76,2.15
7885973,0.85,high,"The claim applies established machine learning techniques (template-based query generation) to a new data environment (investigation modeling) without disclosing any improvement to the model itself, such as a new architecture or training procedure.",547,66,1.87
7933877,0.85,high,"The claim recites generic clustering operations (organizing, partitioning) without specifying any technological improvement to the clustering model itself, applying established machine learning techniques to a new data environment (query-based retrieval).",578,64,1.82
8065227,0.95,high,"The claim applies established machine learning techniques (clustering via Euclidean distance, custom behavior models using standard attributes) to a new data environment (credit decisioning) without disclosing any technological improvement to the model itself.",689,66,2.24
8024326,0.85,high,"The claim applies established machine learning techniques (identifying related queries based on timing/sequencing, retrieving frequency data, and ranking) to a new data environment (search query context) without disclosing any technological improvement to the model itself.",555,71,1.9
8255248,0.95,high,"The claim applies established machine learning techniques (e.g., detecting, monitoring, targeting based on usage data) to a new data environment (business review solicitation) without disclosing any technological improvement to the model itself.",685,67,1.86
8214375,0.85,high,"The claim applies established clustering algorithms to usage data (command frequency tables) without disclosing any improvement to the machine learning model itself, merely applying it to a new data environment (software application usage).",615,64,1.78
8160332,0.85,high,"The claim applies established machine learning techniques (deformation field computation, objective function optimization) to a new data environment (vessel model registration with image data) without disclosing any technological improvement to the model itself, such as a new architecture, loss function, or training procedure.",553,79,1.81
8108931,0.85,high,"The claim applies a machine learning technique to a new data environment (software package snapshots) without disclosing any improvement to the machine learning model itself, reciting only generic steps like 'applying a machine learning technique' and 'filtering'.",492,74,1.93
8316056,0.85,high,The claim applies established binary search and connection graph traversal techniques to a social networking data environment without disclosing any improvement to the underlying machine learning model or search algorithm.,699,56,1.83
8266077,0.85,high,"The claim applies established techniques (term-frequency vectors, latent semantic analysis, correlation matrix, clustering) to a new data environment (analyzing documents) without disclosing any improvement to the underlying machine learning models.",538,65,1.9
8239227,0.85,high,"The claim applies established machine learning techniques (inference engine, community search engine) to a new data environment (executive reporting) without disclosing any technological improvement to the model itself.",618,61,1.74
8219547,0.85,high,"The claim applies established OLAP cube techniques to a new data environment (relational database query optimization) without disclosing any technological improvement to the machine learning model itself, as it merely uses a 'large online analytical processing cube' to respond to queries based on data size thresholds.",519,79,1.99
8099408,0.85,high,"The claim applies established clustering and link analysis techniques to the new data environment of web crawling without disclosing any improvement to the machine learning model itself, as seen in 'generating a site map... representing clusters of similar web pages' and 'identifying skeletal links... based on assessing the coverage and informativeness'.",598,87,2.42
8131750,0.85,high,"The claim applies established machine learning techniques (tagging, annotation, context analysis) to a new data environment (user's state of mind and experience) without disclosing any technological improvement to the machine learning model itself.",599,67,1.85
8285652,0.85,high,"The claim applies established machine learning techniques (e.g., natural language interface, bot content indexing) to a new data environment (online search service integration) without disclosing any technological improvement to the model itself.",534,65,1.8
8190595,0.85,high,"The claim applies established query optimization techniques (e.g., DAG, cost model) to a new data environment (database query hints) without disclosing any improvement to the underlying machine learning or optimization model itself.",579,66,1.92
8315908,0.85,high,"The claim recites receiving a budget goal and selecting distribution options (maximize audience, even distribution, cheapest impressions) and generating a bid proposal, which applies established business rules to a new data environment (digital advertising) without disclosing any technological improvement to a machine learning model.",585,79,2.24
8130915,0.85,high,"The claim applies established machine learning techniques (voice print creation, reference models, comparison) to a new data environment (joint account IVR verification) without disclosing any technological improvement to the model itself, such as a new architecture or training procedure.",857,73,2.34
8250014,0.85,high,"The claim applies established machine learning techniques (quality function, uncertainty propagation, action selection rule) to a technical system control domain without disclosing any specific technological improvement to the model itself.",504,60,1.85
8145667,0.1,high,"The claim recites a specific technological improvement to XML processing by generating a payload independent of schema using field path and parent path analysis, which is not an established machine learning technique applied to a new data environment.",681,65,2.71
8296250,0.85,high,"The claim recites 'a set of two or more neural network models, each neural network model being trained with historical data related to the subject to profile an identity of the subject for a class of cases' without disclosing any specific technological improvement to the neural network architecture, loss function, training procedure, or representation, instead applying established machine learning techniques to the new data environment of identity protection.",572,102,2.44
8302571,0.15,medium,"The claim recites a specific learning section that computes and stores a relationship between deviation amount and lift amount in different lift amount regions, which is a technological improvement to the control device's learning process, not merely applying established ML to a new data environment.",689,74,2.29
8335705,0.85,high,The claim applies established database searching and matching techniques to a resource allocation business problem without disclosing any technological improvement to the underlying machine learning models.,732,52,2.17
8099373,0.85,high,"The claim applies established machine learning techniques (weak classifiers, iterative training, updating working set based on false positive rate) to a new data environment (object detection) without disclosing any improvement to the model architecture, loss function, or training procedure.",464,73,2.41
8312085,0.85,high,The claim applies established statistical ratio-based thresholding to a spam detection domain without disclosing any improvement to the underlying machine learning model or algorithm.,613,52,1.66
8219415,0.85,high,The claim applies established similarity metrics and dynamic grouping to a healthcare data environment without disclosing any improvement to the machine learning model itself.,617,50,2.42
8189761,0.85,high,"The claim applies established queue management and dynamic value profiling techniques to a call center environment without disclosing any technological improvement to the underlying machine learning models, such as a new architecture, loss function, or training procedure.",582,66,1.89
8140529,0.85,high,The claim applies established machine learning techniques (using historical data to determine a second subset of fields) to a new data environment (database access optimization) without disclosing any improvement to the machine learning model itself.,598,65,1.91
8099777,0.0,high,"The claim recites a specific hardware architecture (multiple instruction stream, single data stream processor with defined components) that is a technological improvement to the computing system itself, not merely applying established machine learning to a new data environment.",445,68,2.17
8145456,0.85,high,"The claim applies established machine learning techniques (generating prediction models, comparing models) to a new data environment (virtual environment resource usage) without disclosing any improvement to the machine learning models themselves.",613,63,1.85
8261325,0.1,high,"The claim recites a method for providing remote message server configuration information using stored information and electronic mail addresses, which does not involve machine learning or any established ML techniques, and thus has low resemblance to Recentive-vulnerable claims.",489,70,3.49
8200454,0.85,high,"The claim applies established statistical and signal processing techniques (differentiation, variance analysis, frequency spectrum processing) to time series analysis without disclosing any improvement to the underlying machine learning models or algorithms.",637,62,1.68
8271863,0.15,medium,"The claim recites a specific decoder-estimator architecture with simultaneous processing and subset selection based on estimates, which suggests a technological improvement to the decoding process rather than merely applying established ML to a new domain.",521,65,1.77
8126891,0.85,high,"The claim applies established machine learning techniques (generative model, HMM, frequent episode mining) to a new data environment (predicting search engine switch) without disclosing any technological improvement to the model itself.",620,66,1.9
8332415,0.85,high,"The claim applies basic frequency and ratio calculations to determine spam likelihood, which are established techniques applied to a new data environment (trusted vs. untrusted sources) without disclosing any improvement to the underlying machine learning model.",594,68,1.77
8312285,0.0,high,"The claim recites specific technological improvements such as generating encrypted master and follower security tokens with communication data and profile copies, which are not merely applying established machine learning to a new data environment.",859,61,1.83
8117216,0.85,high,"The claim applies established machine learning techniques (recommendation engine, hierarchical categorization, filtering based on overlap) to a new data environment (navigating recommended items) without disclosing any technological improvement to the model itself.",596,68,1.94
8207449,0.0,high,"The claim recites a specific structural improvement to an electronic device, namely a non-metallic nanowire conductor grown from a catalyst on an electrode edge, which is a technological improvement to the device itself, not an application of machine learning.",487,71,2.01
8224806,0.85,high,"The claim recites a caching subsystem that stores and retrieves optimized query plans based on equivalence groups and predicate selectivity, which applies established caching and query optimization techniques to a database environment without disclosing any improvement to the underlying machine learning model or algorithm.",702,73,2.01
8156063,0.85,high,"The claim applies established machine learning techniques (similarity functions, iterative training, dynamic updating) to a new data environment (change requests) without disclosing any technological improvement to the model itself.",486,62,1.77
8184876,0.85,high,"The claim applies established iterative reconstruction techniques (e.g., gradient-based updates, weighting factors) to a specific imaging domain without disclosing any improvement to the underlying machine learning model or algorithm.",531,61,1.79
8175911,0.85,high,"The claim applies established machine learning techniques (statistics, data mining, mathematical models) to a new data environment (business models) without disclosing any improvement to the machine learning models themselves.",640,62,1.81
8230439,0.85,high,The claim applies established resource selection and optimization techniques to a new data environment (networked processing resources) without disclosing any technological improvement to the underlying machine learning model or algorithm.,653,59,1.93
8326067,0.1,high,"The claim recites a specific technological improvement to the model itself: a perceptual weighting factor applied to the rate-distortion cost function that adjusts weights based on quantization step sizes, which is a novel loss function modification.",572,66,1.9
8238675,0.15,high,"The claim recites a specific technological improvement: performing nonlinear partial differential equation regularization and enforcing constraints that predict AC coefficients using DC coefficients from neighboring blocks via a Hadamard transform matrix, which is a novel image reconstruction technique rather than merely applying established ML to a new domain.",484,78,2.12
8359190,0.85,high,The claim recites 'identifying senses of words' and 'determining semantic positions in a semantic space' which are established natural language processing techniques applied to text data without disclosing any improvement to the underlying machine learning model.,426,69,1.86
8606788,0.85,high,"The claim recites a system that applies established machine learning techniques (e.g., matching, correlation, hierarchy generation) to a new data environment (catalog item strings and brand strings) without disclosing any improvement to the machine learning models themselves.",763,73,2.16
8468114,0.85,high,"The claim applies established machine learning techniques (inference rules, personalized model construction, knowledge database) to a new data environment (event management system) without disclosing any technological improvement to the model itself.",542,64,1.69
8473933,0.1,high,"The claim recites a specific computer-based method for modifying call sites based on parameter lists, which is a technological improvement to code compilation or transformation, not merely applying established machine learning to a new data environment.",476,65,2.02
8488881,0.85,high,"The claim applies established image segmentation techniques (block division, feature computation, confidence thresholding) to a self-checkout environment without disclosing any improvement to the underlying machine learning model or algorithm.",564,62,1.54
8370279,0.85,high,"The claim recites generating a trained predictive model using a training function and generating a score normalization model using a score normalization training function, which are generic machine learning steps applied to a new data environment without disclosing any specific technological improvement to the model architecture, loss function, or training procedure.",466,81,2.02
8392453,0.85,high,"The claim applies established machine learning techniques (frequency analysis, co-concurrence weightings) to generate predictive text entry dictionary probability data for a new data environment (search requests) without disclosing any improvement to the underlying model architecture, loss function, training procedure, representation, or sampling method.",622,82,2.84
8453234,0.85,high,The claim applies established machine learning techniques (behavioral engine that learns or trains to identify normal operating conditions) to a new data environment (centralized security management system) without disclosing any technological improvement to the model itself.,622,68,1.87
8478751,0.85,high,"The claim applies established machine learning techniques (ranking, thresholding, demoting) to a new data environment (search session with multiple queries) without disclosing any technological improvement to the model itself.",669,63,1.8
8600105,0.85,high,"The claim applies established statistical combination and thresholding techniques to a new data environment (image data) without disclosing any improvement to the underlying machine learning model, such as a new architecture or training procedure.",445,64,1.82
8595174,0.85,high,"The claim applies established machine learning techniques (information gain, entropy) to a new data environment (knowledge database for problem solving) without disclosing any improvement to the underlying model.",597,59,1.76
8548627,0.85,high,The claim applies established semantic web service matching and workflow composition techniques to a multi-robot coordination environment without disclosing any improvement to the underlying machine learning models or algorithms.,742,57,2.01
8527760,0.85,high,The claim applies established trust calculation methods (weighted sum with time decay) to a device interaction environment without disclosing any improvement to the underlying machine learning model or algorithm.,686,58,1.76
8606384,0.85,high,"The claim applies established machine learning techniques (mood modeling, distance measures) to a new data environment (audio-to-animation) without disclosing any improvement to the model itself.",461,60,1.86
8412514,0.85,high,"The claim applies established machine learning techniques (e.g., analyzing stored question-answer pairs, determining meta-level features, and using follow-up procedures) to a new data environment (web page layouts and inquiry responses) without disclosing any specific technological improvement to the machine learning model itself.",598,80,2.51
8606608,0.85,high,"The claim applies established machine learning techniques (perturbation, re-weighting, counterfactual analysis) to a new data environment (system performance estimation) without disclosing any improvement to the underlying model architecture, loss function, or training procedure.",662,73,1.96
8544028,0.85,high,"The claim recites generic software modules and established data extraction/mapping techniques applied to heterogeneous computer applications, without disclosing any improvement to the underlying machine learning models or algorithms.",694,58,1.61
8548800,0.85,high,"The claim applies established phonetic comparison techniques to a new data environment (user input strings) without disclosing any improvement to the underlying machine learning model, as it merely classifies consonants into buckets and computes distances based on predefined rules.",612,69,1.81
8370369,0.85,high,The claim applies established data matching and multi-layer analysis techniques to a network fault localization problem without disclosing any technological improvement to the underlying models or algorithms.,681,54,1.55
8429177,0.85,high,The claim applies established measurement and threshold comparison techniques to a new data environment (web hosting growth) without disclosing any improvement to the underlying machine learning model or algorithm.,491,57,2.05
8560475,0.1,high,"The claim recites a specific technological improvement to the DFA graph traversal process by introducing a walker state and commands that allow the processor to interpret the state of the DFA state machine, which is a structural and operational improvement to the model itself, not merely applying established ML to a new data environment.",582,85,3.21
8463730,0.85,high,The claim applies established hashing and rule-matching techniques to network transaction data without disclosing any improvement to the underlying machine learning model or algorithm.,474,53,1.64
8521680,0.85,high,"The claim applies established machine learning techniques (analysis, tagging, association, temporal metrics) to a new data environment (user data for location context) without disclosing any improvement to the machine learning model itself.",513,65,1.98
8407236,0.85,high,"The claim applies established machine learning techniques (clustering, frequency filtering) to a new data environment (query logs for dictionary expansion) without disclosing any improvement to the underlying models or algorithms.",501,62,2.07
8539080,0.85,high,The claim applies established routing and throttling rules based on server health and client information without disclosing any technological improvement to the machine learning model itself.,569,53,1.64
8452448,0.85,high,"The claim applies established machine learning techniques (action models, outcome evaluation, selection) to a robot control environment without disclosing any improvement to the model architecture, loss function, training procedure, representation, or sampling method.",495,67,1.91
8453245,0.0,high,"The claim recites a specific technological improvement: building and applying a shield to disable a function or interface in response to a program crash, which is not an established machine learning technique applied to a new data environment.",501,66,1.75
8515994,0.1,high,"The claim recites a specific technological improvement to the model itself, namely a method for preloading fields based on stored metadata and URIs to populate a search query, which is not merely applying established ML to a new data environment.",680,70,2.0
8438183,0.85,high,"The claim applies established machine learning techniques (weighted attributes, function-based searching, weight modification based on database statistics) to a new data environment (searching for data concerning a specific individual) without disclosing any technological improvement to the model itself.",607,73,2.06
8452717,0.85,high,"The claim applies established machine learning techniques (e.g., populating guidance structures from templates based on collected materials) to a new data environment (people services with ad-hoc activities) without disclosing any technological improvement to the model itself.",508,70,2.04
8539348,0.85,high,"The claim applies established machine learning techniques (e.g., word frames, contracted portions) to a new data environment (input member selections) without disclosing a specific technological improvement to the model itself.",570,63,1.91
8412735,0.85,high,"The claim applies established machine learning techniques (conditional functional dependencies, iterative refinement) to a new data environment (electricity smart grid) without disclosing any improvement to the underlying model architecture, loss function, or training procedure.",509,68,1.97
8482625,0.15,high,"The claim recites a specific technological improvement to image noise estimation by using local difference measures across color channels to compute color correlation values, which is a novel method for noise level calculation, not merely applying established ML to a new domain.",492,70,2.08
8606815,0.85,high,"The claim applies established machine learning techniques (sentiment analysis, taxonomy generation, co-occurrence analysis) to a new data environment (electronic text from multiple sources) without disclosing any improvement to the machine learning models themselves.",804,68,2.22
8484203,0.85,high,"The claim applies established machine learning techniques (co-interaction scores, relatedness scores, ranking) to a new data environment (media items, entities, media types) without disclosing any improvement to the machine learning model itself.",611,69,1.88
8495201,0.85,high,"The claim applies established clustering techniques (seed selection, distance-based assignment, metric computation) to a network domain without disclosing any improvement to the underlying machine learning model, architecture, or training procedure.",548,63,2.47
8583471,0.95,high,"The claim applies established machine learning techniques (predictive modeling, selecting predictive factors, defining ranges) to a new data environment (social networking system user data) without disclosing any technological improvement to the model itself.",498,66,1.97
8396595,0.1,high,"The claim recites specific technological improvements such as generating a collision gradient weighting matrix and a joint limit gradient weighting matrix based on measured distances and joint vectors, which are not merely applying established machine learning to a new data environment but rather disclose a new method for collision avoidance in articulated systems.",572,80,2.17
8515805,0.95,high,"The claim applies established machine learning techniques (implicit criteria determination, profile creation, relevance scoring) to a new data environment (job advertising) without disclosing any technological improvement to the machine learning model itself.",646,65,1.73
8560626,0.15,high,"The claim recites a specific distributed election protocol with timing and numeric suitability comparisons, which is a technological improvement to the system's operation rather than applying established ML to a new domain.",596,60,2.37
8589799,0.1,high,"The claim recites a specific technological improvement to a computer administration system by providing a commentary input area that automatically stores contemporaneous component data with comments, which is not merely applying established machine learning to a new data environment.",554,67,1.97
8588495,0.85,high,"The claim applies established machine learning techniques (classification-based landmark detection, statistical atlas fitting, distributional appearance models) to a new data environment (whole-body imaging) without disclosing any specific technological improvement to the machine learning models themselves.",539,70,2.02
8493216,0.85,high,"The claim applies established machine learning models to analyze sensor data for forming deportment and comportment cohorts, without disclosing any improvement to the models themselves.",574,54,1.8
8417514,0.85,high,"The claim applies established machine learning techniques (feature extraction and scoring) to a new data environment (natural language question answering) without disclosing any improvement to the model itself, such as a new architecture or training procedure.",465,67,2.43
8616050,0.1,high,"The claim recites a specific apparatus with structural components (solution chamber, information capture module, analysis module, prediction module) for testing bonding surface properties, which is a technological improvement in the field of surface testing, not merely applying established ML to a new data environment.",485,77,2.26
8589584,0.1,high,"The claim recites a specific technological improvement to parallel computing collective operations by dynamically selecting protocols based on buffer alignment, which is a technical solution to a computer-specific problem, not merely applying established ML to a new domain.",614,67,2.44
8374907,0.85,high,The claim applies established statistical averaging techniques (click-weighted average price) to e-commerce data without disclosing any improvement to the underlying machine learning model or algorithm.,803,55,1.94
8375361,0.85,high,The claim applies established pattern matching techniques to a new data environment (source code changes) without disclosing any improvement to the pattern matching models themselves.,480,53,1.62
8571315,0.85,high,"The claim applies an ensemble classifier with weak classifiers and threshold-based sub-divisions, which are established machine learning techniques, to the new data environment of image subject detection, without disclosing any improvement to the model architecture, loss function, training procedure, representation, or sampling method.",597,79,1.92
8374987,0.85,high,The claim applies established event-condition-action cycle and state correlation engine techniques to a new data environment (object generation events) without disclosing any technological improvement to the underlying model or algorithm.,706,60,2.92
8744140,0.85,high,The claim applies established biometric data collection and encoding techniques to a new data environment (reflexive biometric data under specific environmental conditions) without disclosing any technological improvement to the machine learning model itself.,586,63,2.52
8738442,0.85,high,The claim applies established state transition graph/matrix techniques to a new data environment (ordered campaign content presentation) without disclosing any improvement to the machine learning model itself.,795,57,2.12
8645363,0.85,high,"The claim applies established machine learning techniques (scoring based on degree of match, ranking) to a new data environment (comments associated with document portions) without disclosing any improvement to the machine learning model itself.",708,66,2.14
8630838,0.85,high,"The claim applies established machine learning techniques (translation module, user-provided translations, fallback to second language) to a new data environment (crowdsourced translation) without disclosing any technological improvement to the model itself.",652,69,2.05
8630972,0.85,high,"The claim applies established sentiment analysis and similarity measurement techniques to social media content without disclosing any improvement to the underlying machine learning models, as seen in 'assessing an emotional sentiment as a function of one or more terms' and the similarity threshold formula.",598,74,1.96
8849325,0.15,high,"The claim recites a specific technological improvement: a maximal independent set (MIS) controller that generates second identifiers and participates in concurrent distributed determinations of first and second MISs, which is a novel distributed algorithm, not merely applying established ML to a new data environment.",529,77,1.97
8788504,0.85,high,"The claim applies established machine learning techniques (e.g., extracting landmark data, applying error checking rules, generating a visual model) to a new data environment (web data) without disclosing any technological improvement to the model itself.",602,69,2.12
8688417,0.85,high,"The claim recites 'fitting a data set... to a baseline time series model' and 'solving for an estimated event impact... factoring in interactions' without disclosing any specific technological improvement to the model itself, merely applying established machine learning techniques to a new data environment (time series with external events).",435,86,2.1
8874763,0.85,high,"The claim applies established anomaly detection metrics (entropy, odds ratio) to network traffic data without disclosing any improvement to the underlying machine learning models or algorithms.",614,56,1.83
8756061,0.85,high,"The claim applies established machine learning techniques (multi-scale feature extraction, gist vectors) to a new data environment (speech boundary detection) without disclosing a specific technological improvement to the model itself.",511,64,1.86
8839035,0.1,high,"The claim recites a specific technological improvement to cloud-based testing infrastructure (mapping to supported frameworks, determining computing capacity, configuring workers) rather than applying established machine learning to a new data environment.",555,63,2.27
8832014,0.85,high,The claim applies established rule-based inference and thread scheduling to a triple collection without disclosing any improvement to the underlying machine learning model or inference algorithm.,543,53,2.27
8849775,0.15,medium,"The claim recites a specific caching method with tier score modification based on access penalties and deferred decrements, which appears to be a technological improvement to caching algorithms rather than merely applying established ML to a new domain.",712,66,2.61
8635107,0.95,high,"The claim applies established machine learning techniques (semantic analysis, ontology-based search) to a new data environment (offer inventory and user data) without disclosing any technological improvement to the machine learning models themselves.",612,65,1.79
8897560,0.85,high,"The claim applies established machine learning techniques (feature extraction, frequency distribution, inequality index) to a new data environment (digital image clutter estimation) without disclosing any technological improvement to the model itself.",511,63,1.73
8631012,0.85,high,"The claim applies established machine learning techniques (relevance scoring, weighting) to a new data environment (associating keywords with images from a source) without disclosing any technological improvement to the model itself.",693,65,1.87
8862728,0.85,high,"The claim applies established machine learning techniques (monitoring, symptom identification, event analysis, classification using fault signatures) to a new data environment (shared dynamic cloud environment during live virtual machine migration) without disclosing any technological improvement to the machine learning model itself.",606,75,1.98
8700705,0.85,high,"The claim applies established machine learning techniques (e.g., pseudorandom selection, automatic updating) to a new data environment (social graph groups) without disclosing any technological improvement to the model itself.",546,64,1.77
8903816,0.85,high,The claim applies established machine learning techniques (ranking scores derived from component scores) to a new data environment (item listings in a search results page) without disclosing any technological improvement to the model itself.,553,64,1.88
8843477,0.85,high,The claim applies established ranking algorithms to a new data environment (onsite data controlled by webmaster) without disclosing any improvement to the machine learning model itself.,600,56,2.13
8831944,0.85,high,"The claim applies established machine learning techniques (word lattice, N-best path, re-ranking) to a new data environment (speech query and indexed documents) without disclosing any technological improvement to the model itself.",492,66,1.81
8798998,0.85,high,"The claim applies established machine learning techniques (clustering, distance weighting, feature vectors) to speech synthesis without disclosing any improvement to the underlying model architecture, loss function, or training procedure.",548,62,2.02
8909562,0.85,high,"The claim applies established machine learning techniques (probability calculation, transition modeling) to a new data environment (service usage logs) without disclosing any improvement to the machine learning model itself.",515,60,1.78
8856109,0.85,high,"The claim applies established machine learning techniques (binning, weighting, aggregating, keyword counting) to generate author features for a topical-affinity badge, without disclosing any improvement to the machine learning models themselves.",791,66,2.85
8656266,0.85,high,The claim applies established machine learning techniques (click-through rate analysis) to a new data environment (comment-document association) without disclosing any technological improvement to the model itself.,717,59,1.83
8843494,0.85,high,"The claim applies established machine learning techniques (clustering, template creation, distance calculation, threshold-based merging) to a new data environment (document clusters with keywords) without disclosing any improvement to the machine learning model itself.",587,68,2.09
8806628,0.85,high,The claim applies established machine learning techniques (iterative removal based on a ratio threshold) to a new data environment (alert databases and signature sets) without disclosing any improvement to the machine learning model itself.,565,65,1.9
8688681,0.85,high,"The claim applies established clustering and kernel-based grouping techniques to IP address histories for scheduling crawls, without disclosing any improvement to the machine learning model itself.",661,55,1.78
8751439,0.85,high,The claim applies established machine learning techniques (feature vector modification for anonymization) to a new data environment (transcriptions with sensitive/non-sensitive information) without disclosing a specific technological improvement to the model itself.,470,66,2.2
8819015,0.85,high,"The claim applies established machine learning techniques (feature vectors, support vector machine) to a new data environment (object identification from captured image data) without disclosing a technological improvement to the model itself.",690,63,1.79
8694369,0.95,high,"The claim applies generic computer and network functions (receiving, transmitting, updating, comparing) to a business method of awarding points and prizes in a self-support environment, without any disclosure of a technological improvement to machine learning models or other computer technology.",650,73,2.09
8793593,0.1,high,"The claim recites a specific technological improvement to the social graph by enabling graph actions defined by external entities and updating the social graph based on those actions, which is not merely applying established ML to a new data environment.",718,67,2.44
8688692,0.85,high,"The claim applies established spatial indexing and pruning techniques (e.g., MBR, spatial frequency measurement) to a data set of quantitative patterns without disclosing any improvement to the underlying machine learning model or algorithm.",746,65,2.01
8655070,0.85,high,"The claim applies established machine learning techniques (pixel-level classifier, segmentation, template matching) to a new data environment (aerial imagery for tree detection) without disclosing any improvement to the machine learning model itself.",473,67,2.03
8676791,0.85,high,"The claim applies established web search and ratio comparison techniques to a new data environment (mistranslation detection) without disclosing any improvement to the underlying machine learning model, architecture, or training procedure.",633,63,2.04
8799869,0.85,high,"The claim applies established machine learning techniques (topic determination, traceability link generation based on algorithms) to a new data environment (software requirements testing) without disclosing any improvement to the machine learning models themselves.",814,65,1.83
8904530,0.85,high,"The claim applies established machine learning techniques (clustering, entropy-based extraction, traffic profiling) to a new data environment (e-mail spam detection) without disclosing any technological improvement to the machine learning models themselves.",680,66,2.54
8639563,0.95,high,The claim applies established machine learning techniques (processing data to generate customized messages) to a new data environment (current events data and customer data) without disclosing any technological improvement to the model itself.,466,63,1.9
8880440,0.85,high,"The claim applies established text mining services with different taxonomies to a new data environment (combining services) without disclosing any improvement to the machine learning models themselves, reciting only iterative instance generation and instance-matching procedures that are incident to the nature of machine learning.",621,79,2.15
8781231,0.85,high,"The claim applies established machine learning techniques (visual similarity scoring, graph building, nearest neighbor propagation) to a new data environment (historical click data for images) without disclosing any improvement to the underlying machine learning models.",575,67,1.87
8874262,0.1,high,"The claim recites a specific technological improvement to the robot's control system, namely an operational space controller with constrained task space and null space dynamics modules that concurrently generate control signals, which is a structural and functional improvement to the robot's control architecture, not merely applying established ML to a new domain.",535,83,2.7
8856052,0.85,high,"The claim applies established machine learning techniques (hidden feature space construction, simultaneous training of classifiers, reconstruction) to a new data environment (abbreviated text documents from a target domain) without disclosing any specific technological improvement to the model itself.",515,72,2.06
8757153,0.85,high,"The claim applies established machine learning techniques (detecting double triggering, determining notifications and entries) to a new data environment (ventilatory system) without disclosing any technological improvement to the machine learning model itself, as it merely uses conditional logic based on breath types to suggest adjustments.",632,80,2.3
8745074,0.85,high,"The claim applies established machine learning techniques (nearest neighbor, clustering, distance metrics) to a new data environment (content groups with interest category vectors) without disclosing any improvement to the machine learning models themselves.",606,66,2.23
8650085,0.95,high,The claim applies established machine learning techniques (correlation and projection) to a new data environment (correlating online browsing activity with in-store transactions) without disclosing any technological improvement to the model itself.,637,65,2.93
8880600,0.85,high,The claim applies established machine learning techniques (determining similarities) to a new data environment (social networking groups) without disclosing any technological improvement to the model itself.,483,57,3.16
8713000,0.85,high,The claim applies established database querying and social network analysis techniques to a new data environment (externally-hosted opportunity exchange) without disclosing any technological improvement to the underlying models or algorithms.,545,62,2.57
8788280,0.85,high,The claim applies established data mapping and conversion techniques to a new clinical data environment without disclosing any technological improvement to the underlying models or algorithms.,497,52,1.47
8769049,0.85,high,The claim applies established data tiering and distribution techniques to a hybrid cloud/peer-to-peer backup environment without disclosing any improvement to the underlying machine learning models or algorithms.,708,58,1.65
8700737,0.85,high,The claim applies established crowdsourcing and web service composition techniques to a new data environment (crowdsourcing platform) without disclosing any technological improvement to the underlying machine learning models or algorithms.,667,61,1.82
8762324,0.85,high,"The claim applies established machine learning techniques (co-occurrence determination, collaborative filtering with weighted social/trust network) to a new data environment (business intelligence platform with user profiles and enterprise directory) without disclosing any improvement to the machine learning model itself.",590,74,2.05
8839189,0.85,high,The claim applies established machine learning techniques (service variants based on customer needs) to a new data environment (business application customization) without disclosing any technological improvement to the model itself.,639,60,2.09
8856002,0.85,high,"The claim applies established machine learning techniques (model training, transformation, selection of control parameters) to a new data environment (text, audio, video, biometric signals) without disclosing any specific technological improvement to the model itself.",575,69,2.06
8984485,0.15,medium,"The claim recites a specific technological improvement to source code analysis by generating an indexed table based on AST differences and code artifacts, which is not merely applying established machine learning to a new data environment.",515,63,1.91
8712937,0.85,high,"The claim applies a learned function determined using features from other media items to predict popularity, without disclosing any improvement to the machine learning model itself, merely applying established ML to a new data environment (media popularity prediction).",524,68,2.53
9208177,0.85,high,"The claim applies established machine learning techniques (image matching, scoring social connectivity) to a new data environment (image-based search with social connectivity) without disclosing any technological improvement to the machine learning model itself.",554,65,1.7
9207314,0.85,high,"The claim applies established interacting multiple model (IMM) filtering techniques to estimate object state without disclosing any improvement to the underlying model architecture, loss function, training procedure, representation, or sampling method.",594,64,2.87
8965123,0.85,high,"The claim applies established image binarization and thresholding techniques to a new data environment (alphanumeric character recognition) without disclosing any improvement to the machine learning model itself, such as a new architecture, loss function, or training procedure.",598,73,2.28
9047025,0.85,high,"The claim applies established machine learning techniques (e.g., 'stateful parameters trained automatically by incoming event streams') to a new data environment (PSP operations) without disclosing any technological improvement to the model itself.",534,67,2.43
9141906,0.85,high,"The claim recites a deep network with embedding layers and neural network layers to generate an alternative representation and a classifier to produce relevance scores, which applies established machine learning techniques to a new data environment (resource features to concept terms) without disclosing any specific technological improvement to the model architecture, loss function, training procedure, or sampling method.",545,91,2.42
9047364,0.85,high,The claim applies established machine learning techniques (search result modification based on device capabilities) to a new data environment (character stream input) without disclosing any technological improvement to the model itself.,455,61,2.22
8990306,0.85,high,"The claim applies established techniques (frequency, recency, relevance, folksonomy analysis) to a new data environment (avatar communications in a VU) without disclosing any improvement to the underlying machine learning models.",638,66,2.72
9116865,0.85,high,"The claim applies established machine learning techniques (e.g., extracting terms, processing searched terms) to a new data environment (educational documents) without disclosing any improvement to the machine learning model itself.",578,63,2.11
9189624,0.15,medium,"The claim recites a specific technological improvement to the model itself, namely generating behavior signatures in non-master cores and combining them via a task graph in a master core to produce a global behavior vector, which is a new architecture for monitoring heterogeneous processing cores.",515,75,2.02
8973096,0.85,high,"The claim applies established machine learning techniques (unsupervised learning, adaptive authentication) to a new data environment (authentication requests) without disclosing any specific technological improvement to the machine learning model itself, such as a new architecture or training procedure.",655,72,2.03
8935480,0.85,high,"The claim applies established probability computations (aggregate, segment, specific) to a caching decision based on user information, without disclosing any improvement to the machine learning model itself.",697,59,3.27
8995758,0.85,high,The claim applies established machine learning techniques (training a classifier to discriminate false positive descriptors) to a new data environment (visual object recognition) without disclosing a specific technological improvement to the model itself.,569,63,2.14
9122912,0.85,high,The claim applies established face detection and clustering algorithms to a social network photo environment without disclosing any improvement to the machine learning models themselves.,607,51,1.72
9002764,0.85,high,"The claim applies a formula to compute a rarity indicator for a name in a document, which is a mathematical method applied to a new data environment (document names) without disclosing any improvement to the underlying machine learning model or algorithm.",487,70,2.26
8971591,0.85,high,"The claim applies established distance-based selection and optimization techniques to the domain of facial recognition without disclosing any improvement to the underlying machine learning model architecture, loss function, or training procedure.",606,60,1.84
9158752,0.85,high,"The claim applies established machine learning models (first and second model networks) to a new data environment (text and speech analysis of a presentation) without disclosing any technological improvement to the models themselves, reciting only generic steps like 'using a first model network' and 'using a second model network'.",667,85,2.72
9025864,0.85,high,The claim applies established machine learning techniques (generating feature data and training a discriminative classifier) to a new data environment (clothing images of a same person) without disclosing any technological improvement to the model itself.,500,68,2.14
8965897,0.85,high,"The claim applies established machine learning techniques (natural language processing, rating synthesis) to a new data environment (product feedback analytics) without disclosing any technological improvement to the model itself, such as a new architecture or training procedure.",758,69,2.24
8934538,0.85,high,"The claim applies established two-pass bitrate encoding and interpolation techniques to a video hosting service without disclosing any improvement to the machine learning model itself, such as a new architecture or training procedure.",659,62,1.86
9141940,0.85,high,"The claim applies established machine learning techniques (analyzing intention data derived from prior communications, detecting and correcting deficiencies) to a new data environment (electronic communications) without disclosing any technological improvement to the machine learning model itself.",491,68,2.23
9009143,0.85,high,"The claim applies established machine learning techniques (e.g., threshold-based storage, relevance heuristic) to a new data environment (combining on-page and off-page data for search results) without disclosing any improvement to the machine learning model itself.",720,72,1.9
9129292,0.85,high,"The claim applies established machine learning techniques (similarity scoring, positive/negative examples) to a marketing data environment without disclosing any improvement to the machine learning model itself.",662,58,2.43
8983877,0.85,high,The claim applies 'at least one generative machine learning technique' to a role mining data environment without disclosing any improvement to the machine learning model itself.,507,54,1.8
9195744,0.85,high,"The claim applies established machine learning techniques (co-occurrence probability calculation, threshold-based filtering) to a new data environment (search query generation) without disclosing any technological improvement to the model itself.",547,63,2.69
8949163,0.85,high,"The claim applies established evidential reasoning and agent-based modeling techniques to a new data environment (determining adoption rate of a trend) without disclosing any technological improvement to the underlying models, algorithms, or architectures.",585,66,1.97
9218819,0.85,high,"The claim applies established machine learning techniques (context determination, confidence scoring, event identification) to a new data environment (voice input and user-specific events) without disclosing any technological improvement to the underlying model.",521,65,2.55
9098606,0.85,high,"The claim applies established machine learning techniques (evaluating relationships, determining signals, and ranking based on importance) to a new data environment (global and account-specific parameters for activities) without disclosing any technological improvement to the model itself.",638,71,1.99
9158831,0.85,high,"The claim applies established logical model architecture and transformation techniques to a data repository environment without disclosing any technological improvement to the model itself, resembling Recentive-vulnerable language.",632,58,1.83
9147018,0.15,high,"The claim recites a specific 'multi-state drum model' that determines particular state data (total water volume, drum pressure, steam quality, etc.), which suggests a technological improvement to the model itself rather than merely applying established ML to a new domain.",540,74,2.61
8973097,0.95,high,"The claim applies established machine learning techniques (spam detection via keyword matching, infrequent terms, misspellings, contact info) to a new data environment (business reviews) without disclosing any improvement to the machine learning model itself.",517,71,2.04
9064007,0.85,high,"The claim applies established machine learning techniques (feature vectors, similarity comparison, thresholding) to a new data environment (query session data) without disclosing any improvement to the machine learning model itself.",681,63,2.88
9135278,0.85,high,The claim applies established machine learning techniques (similarity grouping and selection based on criteria) to a new data environment (photographs) without disclosing any technological improvement to the model itself.,474,61,1.98
9036044,0.85,high,The claim applies established graph-based flow computation and thresholding techniques to the new data environment of camera parameter adjustment without disclosing any improvement to the underlying machine learning model.,622,57,2.02
9014444,0.15,high,"The claim recites specific image processing steps (window averaging, inversion of pixel values) and a classification based on membrane strengths, which are technological improvements to the model itself rather than mere application of established ML to a new domain.",477,69,2.45
9098820,0.85,high,"The claim applies established machine learning techniques (Monte Carlo methodology, greedy algorithm, penalty method algorithm, cooperative optimization) to a new data environment (conservation modeling) without disclosing any improvement to the machine learning models themselves.",772,69,2.01
9117194,0.85,high,The claim recites 'training a classifier' and 'applying the classifier' using established machine learning techniques to a FAQ-based system without disclosing any specific technological improvement to the classifier model itself.,499,63,2.64
9031325,0.15,medium,"The claim recites a specific hierarchical segmentation method using dissimilarity measures and geometric attribute thresholds, which goes beyond merely applying established ML to a new data environment.",534,55,1.73
9076166,0.85,high,The claim applies established machine learning techniques (generating a model based on history data to estimate bids) to a new data environment (bidding process for content publication) without disclosing any improvement to the machine learning model itself.,674,69,1.95
9124590,0.85,high,The claim applies established machine learning techniques (intent recommendation) to a new data environment (memo pad content) without disclosing any technological improvement to the model itself.,526,58,2.65
9207767,0.85,high,The claim applies established gesture recognition and calibration techniques to a new data environment (guide mode for shared display) without disclosing any improvement to the underlying machine learning model.,578,57,1.56
9069681,0.85,high,"The claim applies established machine learning concepts (short-term/long-term memory, index map) to a new data environment (search queries and advertisement selection) without disclosing any technological improvement to the model itself.",506,65,1.76
9020190,0.85,high,The claim applies established machine learning techniques (learning and ranking attributes from extracted features) to a new data environment (video surveillance for object alert prioritization) without disclosing any technological improvement to the machine learning model itself.,565,67,1.95
9104707,0.85,high,"The claim recites 'recursively reassign a first value to other column names ... based at least in part on a semantic fit quality and a utilization quality' which applies established machine learning concepts (semantic similarity, iterative reassignment) to a data organization problem without disclosing a specific technological improvement to the model itself.",610,89,2.44
9116945,0.85,high,The claim applies established machine learning techniques (training a search engine based on signals from click logs) to a new data environment (search query/result pairs) without disclosing any improvement to the machine learning model itself.,755,67,2.1
9110724,0.85,high,"The claim applies established machine learning techniques (e.g., determining expected completion times based on topology and replication strategy) to a cloud service data environment without disclosing any improvement to the machine learning model itself.",539,64,1.8
9037705,0.85,high,"The claim applies established machine learning techniques (topic assignment, labeling, publishing, listening, analyzing) to a new data environment (topic-based messaging system for performance metrics) without disclosing any improvement to the machine learning model itself.",611,69,1.89
8977628,0.95,high,"The claim applies generic data gathering, scoring, and reporting steps to a business problem ('innovation farming level') without any disclosure of a technological improvement to machine learning models, resembling the application of established methods to a new data environment.",754,69,2.02
8984415,0.85,high,The claim applies established machine learning techniques (preference event processing and display updating) to a new data environment (content item stacks) without disclosing any technological improvement to the model itself.,528,61,1.75
9188968,0.85,high,"The claim applies established machine learning techniques (noise-adjusted models, iterative parameter inference) to a new data environment (determining accuracy of predicted system behavior) without disclosing any specific technological improvement to the model itself.",498,67,1.81
9143554,0.85,high,The claim applies established statistical analysis and dynamic adjustment to a computing system's performance metrics without disclosing any improvement to the underlying model or algorithm.,508,52,1.62
9044675,0.85,high,The claim applies established data collection and weighting techniques to a new data environment (electronic game rating) without disclosing any improvement to the machine learning model itself.,546,55,1.64
9400936,0.85,high,"The claim applies established machine learning techniques (classifier training, OCR, confidence levels) to a new data environment (vehicle side images for tag recognition) without disclosing any technological improvement to the model itself.",568,65,1.74
9160742,0.85,high,"The claim applies a standard naïve Bayes model to authentication without disclosing any improvement to the model architecture, loss function, training procedure, representation, or sampling method.",677,56,2.1
9483591,0.85,high,"The claim applies established machine learning techniques (simulation, formal model) to a new data environment (chip design netlist) without disclosing any technological improvement to the model itself, such as a new architecture or training procedure.",508,69,1.87
9448990,0.85,high,"The claim applies established machine learning techniques (N-gram language modeling, probability multiplication, divergence-based weighting) to a new data environment (web crawling and user text input) without disclosing any improvement to the model architecture, loss function, training procedure, representation, or sampling method.",709,80,2.01
9342869,0.85,high,"The claim applies established machine learning techniques (linear classifiers, index tree) to a new data environment (patch-based image priors) without disclosing a specific technological improvement to the model itself.",481,62,1.67
9380066,0.85,high,"The claim applies established machine learning techniques (genetic programming, entropy rate comparison) to a new data environment (malware detection) without disclosing any technological improvement to the model itself.",565,61,1.91
9495787,0.85,high,"The claim applies established machine learning techniques (emotive text-to-speech) to a new data environment (text stream with simulated emotion) without disclosing any technological improvement to the model itself, such as a new architecture or training procedure.",445,71,1.88
9524468,0.85,high,"The claim applies established machine learning techniques (probability model estimation, clustering, parameter selection) to a new data environment (dependency matrix) without disclosing any improvement to the machine learning model itself.",606,62,1.8
9373330,0.85,high,"The claim applies established machine learning techniques (uncertainty estimation, covariance discarding, inverse representation) to a speaker recognition domain without disclosing a specific technological improvement to the underlying model architecture, loss function, or training procedure.",600,69,1.97
9277278,0.85,high,"The claim applies established machine learning techniques (correlation calculation, threshold comparison) to a new data environment (audience measurement) without disclosing any improvement to the machine learning model itself.",550,61,2.0
9298855,0.85,high,"The claim applies established optimization and overlap metric techniques to a new data environment (visual display updates responsive to user queries) without disclosing a specific technological improvement to the underlying model, as it recites 'modeled as an optimization operation' and 'computing an overall display overlap metric' which are generic machine learning concepts.",553,88,2.23
9245038,0.85,high,The claim applies established machine learning techniques (probability-based node identification) to a new data environment (online social network graph) without disclosing any improvement to the machine learning model itself.,589,60,2.23
9298513,0.85,high,The claim applies established machine learning concepts like 'node differentiation/specialization function' and 'look-alike software module' to a new data environment (enterprise application deployment) without disclosing any technological improvement to the model itself.,599,70,1.9
9298172,0.85,high,"The claim applies established machine learning techniques (distance metric, function approximator, training sweeps) to a new data environment (system management with state-action-reward exemplars) without disclosing a specific technological improvement to the model itself.",983,71,1.97
9286153,0.85,high,"The claim applies established monitoring techniques (periodic submission of static questions, comparing responses to verified answers) to a QA system health monitoring domain without disclosing any improvement to the underlying machine learning model or training process.",485,66,1.66
9378755,0.3,medium,"The claim recites specific features (nonstationary signal presence, periodicity, sparsity) and a specific model structure (probabilistic models modeling each feature dependent on past feature and current state), which suggests a technological improvement to the model itself rather than merely applying established ML to a new domain.",561,84,2.14
9286489,0.85,high,The claim applies established machine learning techniques (policy selection based on priority evaluation) to a new data environment (customer data) without disclosing any technological improvement to the model itself.,439,59,2.06
9405840,0.85,high,"The claim applies established techniques (domain extraction, identifier matching, confidence codes) to a new data environment (matching local entity website addresses with social network website addresses) without disclosing any improvement to the underlying machine learning model.",710,69,1.74
9384236,0.85,high,"The claim applies established techniques (parameterized queries, random value generation, query translation) to a new data environment (database query languages) without disclosing any improvement to the underlying machine learning models or algorithms.",561,65,1.88
9335883,0.85,high,The claim applies established machine learning techniques (click-through rate thresholding) to a new data environment (search result presentation) without disclosing any improvement to the machine learning model itself.,586,60,1.85
9317760,0.85,high,"The claim applies established machine learning techniques (posterior probability, character recognition) to a new data environment (education assessment) without disclosing any improvement to the model itself.",504,58,1.94
9348899,0.85,high,"The claim applies established machine learning techniques (classification model creation, exemplar-based training, performance metrics, and user feedback for iterative improvement) to a new data environment (digital content classification) without disclosing any technological improvement to the model itself, such as a new architecture, loss function, or training procedure.",718,85,2.25
9462010,0.85,high,The claim applies established threat assessment and resource allocation techniques to a cloud security environment without disclosing any improvement to the underlying machine learning models or algorithms.,670,53,1.75
9299022,0.85,high,"The claim applies established machine learning (neural networks) to a new data environment (robotic device) without disclosing any improvement to the neural network model itself, reciting only generic components like 'mount', 'storage device', and 'processor' with conventional functions such as 'access', 'load', and 'send a command'.",539,92,2.39
9495640,0.95,high,"The claim applies established unsupervised machine learning techniques (clustering, labeling, template matching) to a new data environment (storage volume operational metrics) without disclosing any improvement to the machine learning model itself.",844,64,2.01
9268665,0.85,high,"The claim applies established machine learning techniques (metrics-based ranking, thresholding, and fault likelihood prediction based on historical coupling) to a new data environment (codebase files) without disclosing any improvement to the machine learning model itself.",670,70,2.09
9373021,0.85,high,The claim applies established image processing and similarity measurement techniques to a new data environment (organizing images by variable facial features) without disclosing any technological improvement to the underlying models or algorithms.,641,61,1.99
9501714,0.85,high,"The claim applies established image processing techniques (pixel classification, within/between-class variation) to a new data environment (image feature generation) without disclosing a specific technological improvement to the model itself.",527,64,1.87
9355636,0.85,high,"The claim applies established machine learning techniques (feature vectors, acoustic models, thresholding) to a new data environment (audio data for speech recognition) without disclosing any improvement to the machine learning models themselves.",600,65,1.99
9514189,0.85,high,"The claim recites communicating a search request, receiving streamed raw data, and processing it to create results, which applies established data processing techniques to a new data environment (streaming raw data from an external system) without disclosing any technological improvement to the underlying machine learning model or data processing method.",578,84,2.22
9527211,0.1,high,The claim recites a specific technological improvement to the control architecture itself—a multiple robot control architecture with parallel finite state machines and a global information module—rather than merely applying established machine learning to a new data environment.,542,67,2.09
9418319,0.85,high,"The claim applies cascaded convolutional neural networks, an established machine learning technique, to object detection in images without disclosing any improvement to the model architecture, loss function, training procedure, representation, or sampling method.",579,66,1.66
9230214,0.85,high,"The claim applies established machine learning techniques (e.g., calculating commercial intent scores based on normalized values) to a new data environment (financial transactions for auto-completion) without disclosing any technological improvement to the model itself.",650,68,1.84
9355337,0.15,high,"The claim recites a specific technological improvement: 'recursively partitioning an image into a tree of image regions' and 'classifying the image regions using at least one classifier' with 'weights assigned to the nodes and edges of the tree,' which goes beyond applying established ML to a new data environment.",442,85,2.17
9401145,0.85,high,"The claim applies established techniques (analyzing repetitions, calculating duration/length distributions, threshold comparison) to a new data environment (transcripts of audio recordings) without disclosing any improvement to the underlying machine learning models.",661,67,1.97
9409039,0.85,high,"The claim recites 'training a dose prediction model' and 'applying the dose prediction model' without disclosing any specific technological improvement to the model architecture, loss function, training procedure, representation, or sampling method, instead focusing on selecting training data based on similarity to patient anatomy, which is a domain-specific application of established machine learning techniques.",506,93,2.19
9245182,0.85,high,"The claim applies established machine learning techniques (semantic representation generation) to a new data environment (screenshots) without disclosing any improvement to the underlying model architecture, loss function, training procedure, or representation method.",454,68,2.01
9235799,0.85,high,"The claim describes a process of incrementally adding hidden layers and pretraining using standard error backpropagation, which are established machine learning techniques applied to a new data environment without disclosing any improvement to the model architecture, loss function, or training procedure.",977,74,2.76
9489593,0.85,high,"The claim recites generic components (feature amount setting unit, selection unit, training unit) that apply established machine learning techniques (classifier training, feature selection based on position rates) to a new data environment (classifying local regions of an object) without disclosing any specific technological improvement to the model itself.",509,86,2.19
9477905,0.85,high,"The claim recites 'incorporating an unsupervised feature selection algorithm with an image congealing algorithm' and executing known algorithms without disclosing any improvement to the machine learning models themselves, merely applying them to image processing.",424,67,1.86
9355462,0.85,high,"The claim applies established machine learning techniques (EGI, filtering, distribution matching) to a new data environment (point clouds for motion estimation) without disclosing any improvement to the underlying models or algorithms.",650,64,1.99
9491186,0.85,high,"The claim applies established machine learning techniques (pattern recognition models, vector quantization) to a new data environment (communication network hierarchies) without disclosing any improvement to the model architecture, loss function, training procedure, or representation.",507,68,1.87
9338295,0.85,high,"The claim applies established machine learning techniques (monitoring, detecting, categorizing, dynamically modifying) to a new data environment (interactive communication script adjustment) without disclosing any technological improvement to the model itself.",498,66,2.04
9378738,0.85,high,"The claim applies established machine learning techniques (predicting stability, content lattice) to a new data environment (turn-taking dialog system) without disclosing a specific technological improvement to the model itself.",473,62,2.19
9251590,0.15,high,"The claim recites a specific technological improvement to the model itself, namely a truncated signed distance-based energy function and a depth difference-based energy function for camera pose registration, which are not merely established machine learning techniques applied to a new data environment.",731,72,1.92
9229989,0.85,high,The claim applies established machine learning techniques (adjusting scores based on load time percentiles) to a new data environment (search result ranking) without disclosing any improvement to the machine learning model itself.,678,64,1.84
9286540,0.85,high,"The claim applies established machine learning techniques (partitioning, nearest neighbor search) to a new data environment (image patches) without disclosing any improvement to the underlying model architecture, loss function, training procedure, representation, or sampling method.",559,71,1.89
9323723,0.85,high,The claim applies established machine learning techniques (creating a reading model based on feedback and characteristics) to a new data environment (reading-related feedback and display characteristics) without disclosing any technological improvement to the model itself.,495,66,2.58
9342612,0.85,high,The claim applies established ranking and discounting techniques to a social networking context without disclosing any improvement to the underlying machine learning model.,528,50,1.8
9390438,0.1,high,"The claim recites a specific technological improvement to ad container handling (canvas model ad container independent of third-party ad units, with runtime parameter passing and coordinate comparison) rather than applying established machine learning to a new data environment.",651,68,2.1
9403273,0.85,high,"The claim applies established machine learning techniques (segmentation, transition detection, control mode switching) to a new data environment (robotic task execution) without disclosing any improvement to the machine learning model itself.",590,65,2.05
9396092,0.85,high,The claim applies established programmatic analysis and code modification techniques to a new data environment (software development feedback) without disclosing any technological improvement to the underlying models or algorithms.,613,58,2.02
9262295,0.85,high,The claim applies established weighting and conflict resolution techniques to CI status values without disclosing any improvement to the underlying machine learning model or algorithm.,459,51,1.87
9384453,0.85,high,"The claim applies established machine learning techniques (analytics module generating audit trails, data filtering based on quality, dashboard providing reports, and analytics module using reports to suggest repair solutions) to a new data environment (engine diagnostic sessions) without disclosing any technological improvement to the machine learning model itself.",541,82,2.48
9400925,0.85,high,"The claim applies established convolutional neural networks and classification engines to a new data environment (recognizing human attributes from digital images) without disclosing any improvement to the machine learning model itself, such as a new architecture, loss function, or training procedure.",639,73,2.04
9448568,0.85,high,The claim applies established machine learning techniques (using historical data and external factors to compute a time estimate) to a new data environment (thermostat/HVAC) without disclosing any improvement to the machine learning model itself.,565,69,1.91
9427868,0.1,high,"The claim recites a specific technological improvement: modifying a motion trajectory based on a kinematic structure provided by the structural segments and actuators, which is a model-level adaptation rather than merely applying established ML to a new domain.",481,67,2.22
9618350,0.95,high,"The claim applies established machine learning techniques (anomaly detection) to a new data environment (vehicle journey data) without disclosing any improvement to the machine learning model itself, reciting only generic operations like receiving, calculating, transmitting, and flagging.",723,75,1.99
9466024,0.85,high,"The claim applies established machine learning techniques (predictive model, data mining algorithm, iterative refinement) to a new data environment (personalized health support using biochemical, clinical, and genomic data) without disclosing any specific technological improvement to the model itself, such as a new architecture or training procedure.",710,83,2.47
9842113,0.85,high,"The claim applies established machine learning techniques (heuristic data, context matching, synonym expansion) to a new data environment (file access context) without disclosing any improvement to the underlying model architecture, loss function, training procedure, representation, or sampling method.",700,75,2.31
9734458,0.85,high,"The claim applies established machine learning to predict program outcomes based on input, without disclosing any improvement to the machine learning model itself, merely using it in a new data environment.",478,59,1.92
9674259,0.85,high,"The claim applies established machine learning techniques (content filters, named-entity recognition, confidence scoring) to a new data environment (user-generated text content) without disclosing any technological improvement to the models themselves.",562,65,2.22
9791281,0.85,high,"The claim applies established machine learning techniques (collecting sensory data, optimizing routes based on objectives) to a new data environment (cognitive tour guide service) without disclosing any technological improvement to the machine learning model itself.",636,67,1.85
9652473,0.85,high,"The claim applies established machine learning techniques (density calculation, filtering) to social media data for map visualization without disclosing any improvement to the machine learning model itself.",581,57,1.85
9836960,0.85,high,"The claim applies established machine learning techniques (estimating traffic state, storing probability, training control strategy) to a new data environment (adaptive signal control system) without disclosing any technological improvement to the model itself.",482,66,2.03
9542510,0.85,high,"The claim applies established machine learning techniques (feature extraction, model training) to a new data environment (energy meter data for appliance detection) without disclosing any improvement to the machine learning model itself.",596,63,2.02
9805720,0.85,high,"The claim applies established machine learning techniques (speech recognition, scene segmentation, property computation) to a new data environment (multimodal speech and scene understanding) without disclosing any improvement to the underlying models themselves.",522,67,1.96
9563667,0.85,high,The claim applies established machine learning techniques (color similarity scoring using a color difference formula) to a new data environment (search query processing) without disclosing any technological improvement to the model itself.,684,62,1.68
9813555,0.85,high,The claim applies established matrix factorization (a known machine learning technique) to a new data environment (diagnostic call center sessions) without disclosing any improvement to the matrix factorization model itself.,673,61,2.18
9678839,0.85,high,The claim applies established machine learning techniques (assigning distribution based on fault domains and operational characteristics) to a new data environment (storage hierarchy) without disclosing any technological improvement to the model itself.,527,63,1.87
9767570,0.85,high,"The claim applies established parametric background modeling and mixture model techniques to a computer vision system for foreground detection without disclosing any improvement to the machine learning model itself, such as a new architecture, loss function, or training procedure.",586,68,2.34
9536145,0.85,high,"The claim applies established machine learning techniques (e.g., scaling, sorting, distance metrics, statistical parameters) to skeleton point data for human activity recognition without disclosing any improvement to the machine learning model itself.",722,65,1.95
9852231,0.85,high,"The claim applies established machine learning techniques (label propagation, iterative training, probability-based sparsity approximation) to a distributed graph environment without disclosing any improvement to the underlying model architecture, loss function, or training procedure.",567,67,1.84
9563705,0.95,high,"The claim applies established machine learning techniques (calculating popularity scores, adjusting based on nascency, category adjustments) to a new data environment (search result ranking for products) without disclosing any improvement to the machine learning model itself.",839,70,1.95
9589013,0.85,high,"The claim applies established keyword extraction and rule-based selection to communication messages without disclosing any improvement to the underlying machine learning model, architecture, or training procedure.",515,55,1.56
9607009,0.85,high,"The claim applies established machine learning techniques (topic identification, hashing, indexing) to a new data environment (branding topics with color) without disclosing any improvement to the machine learning models themselves.",561,64,1.74
9824606,0.85,high,"The claim applies established machine learning techniques (e.g., capturing behavior, matching to a set, selecting actions based on a value, monitoring response, and dynamically adjusting selection) to a new data environment (child behavior reinforcement with interactive devices) without disclosing any technological improvement to the machine learning model itself.",1044,84,2.16
9667690,0.85,high,The claim applies established facial recognition and probability adjustment techniques to a new data environment (identifying subjects from images captured by a first device using identifiers from nearby devices) without disclosing any improvement to the machine learning model itself.,602,68,2.08
9639815,0.15,medium,"The claim recites a specific technological improvement to process state management in an EI framework, including real-time tracking, analysis, comparison, and alteration of execution based on a preferred state, which goes beyond merely applying established ML to a new data environment.",645,73,2.03
9715549,0.85,high,"The claim applies established machine learning techniques (adaptive topic monitoring, updating, and reorganizing based on relevancy) to a new data environment (e-commerce purchase history) without disclosing any technological improvement to the model itself.",721,68,2.63
9633003,0.85,high,The claim applies established machine learning techniques (textual analysis to compute a numeric score) to a new data environment (validating consistency between quantitative and textual evaluations) without disclosing any improvement to the machine learning model itself.,530,68,1.67
9666182,0.85,high,"The claim applies established machine learning techniques (automatic speech recognition, bootstrap model, language model generation) to a new data environment (utterance data without manual transcription, text mined from a website) without disclosing any improvement to the model architecture, loss function, training procedure, representation, or sampling method.",469,85,2.24
9652294,0.85,high,"The claim applies established machine learning techniques (e.g., accessing historical processing data, determining priority based on historical execution statistics) to a new data environment (cross-platform workload processing) without disclosing any technological improvement to the machine learning model itself.",684,72,2.03
9848778,0.85,high,"The claim applies established machine learning techniques (forward computational procedure, electrocardiogram algorithm with operational rules) to a new data environment (serum potassium concentration detection from EMG/ECG sensors) without disclosing any technological improvement to the model itself.",705,74,1.91
9710371,0.85,high,The claim applies established matrix weighting and clustering techniques to software failure data without disclosing any improvement to the machine learning model itself.,472,49,1.52
9594983,0.85,high,"The claim applies established machine learning techniques (backpropagation, convolutional neural network) to a new data environment (point of sale system in a retail store) without disclosing any improvement to the model architecture, loss function, or training procedure.",512,72,2.38
9535718,0.85,high,"The claim applies established techniques (monitoring pointer movements, identifying gestures, maintaining quantities, generating weighted cumulative scores) to a new data environment (non-monolithic website with external content) without disclosing any technological improvement to the underlying machine learning or data processing models.",682,76,2.21
9619752,0.85,high,"The claim applies established machine learning techniques (pattern calculation, correlation, and application) to high frequency data sets without disclosing any improvement to the machine learning model itself, such as a new architecture or training procedure.",501,66,1.86
9843560,0.85,high,The claim applies established machine learning (updating a firewall rule learning engine with validation results) to a new data environment (firewall rule validation) without disclosing any technological improvement to the model itself.,549,64,1.89
9736638,0.85,high,"The claim applies established machine learning techniques (context parameter map, discriminative ability, expected gain) to a new data environment (mobile station sensor signals for location estimation) without disclosing any technological improvement to the machine learning model itself.",509,70,1.69
9805321,0.85,high,"The claim applies established machine learning techniques (building a model, scoring, ranking) to a new data environment (eco score analytics for energy programs) without disclosing any technological improvement to the model itself, as it only describes generic components like a factor profile initiator and scoring module.",686,80,2.19
9547832,0.85,high,"The claim applies established natural language processing and semantic analysis techniques to calculate a commitment score for event attendance, without disclosing any improvement to the underlying machine learning models.",649,56,2.11
9844725,0.1,high,"The claim recites a specific technological improvement to plan management and execution in a distributed computing environment, not merely applying established ML to a new domain.",553,53,1.47
9742878,0.1,high,"The claim recites a specific technological improvement to network device driver management by distinguishing between remote and local nodes and building different interfaces (TCP-based vs. non-TCP-based) accordingly, which is a technical solution to inter-node communication in a cluster, not merely applying established ML to a new data environment.",582,84,2.67
9588793,0.15,high,"The claim recites a specific technological improvement to virtual machine provisioning by using snapshot simulation and efficiency comparison, which is not merely applying established ML to a new domain.",511,56,1.92
9653070,0.15,high,"The claim recites a specific hardware circuit with dedicated logic stages (first stage computing sum of difference squared, second stage with multipliers, pair-wise summation stages) and a score selection block implementing logarithmic summation and recursive selection, which are technological improvements to the GMM hardware architecture itself, not merely applying established ML to a new data environment.",815,90,2.48
9710730,0.85,high,"The claim applies established machine learning (regression forest) to a new data environment (medical image registration) without disclosing a technological improvement to the model itself, as it merely uses a regression forest trained to produce probability maps and optimizes an energy function with standard terms like KL divergence and entropy.",657,83,2.24
9704020,0.85,high,"The claim applies established machine learning techniques (facial recognition, model training) to a new data environment (event video with time-windowed information) without disclosing any technological improvement to the model itself.",597,65,2.58
9594850,0.85,high,"The claim applies established machine learning techniques (user-specific semantic information extraction and query development) to a new data environment (stored content and interactions data) without disclosing any technological improvement to the model itself, such as a new architecture or training procedure.",589,74,1.96
9542434,0.85,high,The claim applies established machine learning concepts like entropy and confidence scoring to a data enrichment system without disclosing any specific technological improvement to the underlying models.,552,53,1.71
9710695,0.85,high,"The claim applies established machine learning techniques (auto-encoder, neural network with reconstructive and analytic aspects, mixture model) to a new data environment (pathology images) without disclosing any specific technological improvement to the model architecture, loss function, training procedure, or representation.",546,79,2.27
9805031,0.85,high,"The claim applies established machine learning techniques (detecting implicit user behaviors, thresholding) to a new data environment (cross-language query translation) without disclosing any improvement to the machine learning model itself.",657,64,1.94
9720732,0.85,high,The claim applies established machine learning techniques (selecting parameter values and resources based on execution history and performance characteristics to optimize constraints) to a new data environment (provider network resource management) without disclosing any improvement to the machine learning model itself.,582,72,2.22
9830557,0.85,high,"The claim applies established NLP and machine learning techniques (vector creation, hypothesis testing, gradient calculation, NLP algorithm) to the new data environment of an expert corpus set without disclosing any specific technological improvement to the underlying models.",662,68,1.78
9659238,0.85,high,"The claim applies established machine learning techniques (feature extraction using HOG differences, object classification, adaptation, calibration with location/size likelihoods) to a new data environment (video object classification) without disclosing any specific technological improvement to the machine learning models themselves.",622,76,2.08
9729494,0.85,high,The claim applies established machine learning techniques (scoring based on interaction data) to a new data environment (social networking groups) without disclosing any technological improvement to the model itself.,601,60,1.67
9798876,0.85,high,"The claim applies established graph-based analysis (weighted graph, average edge value) to a new data environment (security profiles for actors) without disclosing any improvement to the underlying machine learning model or graph algorithm.",556,66,2.0
9665093,0.85,high,The claim applies established data analysis and reporting techniques to a new data environment (metal fabrication resource performance) without disclosing any technological improvement to the underlying models or algorithms.,520,57,1.76
9773112,0.85,high,"The claim applies established machine learning techniques (reference models, correlation, threshold-based detection) to a new data environment (cyber-attack detection) without disclosing any improvement to the machine learning model itself, such as a new architecture, loss function, or training procedure.",724,78,2.16
9721221,0.85,high,"The claim applies established machine learning techniques (generative model, parameter estimation, iterative convergence) to a new data environment (worker ability estimation in OCR task integration) without disclosing any technological improvement to the model itself.",679,67,2.15
9665882,0.85,high,"The claim applies established machine learning techniques (weighted matching, lifetime value estimation) to a new data environment (search queries) without disclosing any improvement to the underlying model architecture, loss function, or training procedure.",564,67,1.99
9749188,0.85,high,"The claim applies established machine learning techniques (first, second, third learning machines) to a new data environment (network traffic and condition data) without disclosing any technological improvement to the machine learning models themselves, reciting only generic 'learning machine' and 'closed-loop controller' features.",594,81,2.14
10140322,0.85,high,"The claim applies established machine learning techniques (pattern extraction, fingerprinting, correlation) to a new data environment (updating user profiles with unstructured personal data) without disclosing any technological improvement to the machine learning model itself.",526,68,1.79
9779722,0.85,high,"The claim applies established machine learning techniques (dictionary adaptation, adding out-of-vocabulary words based on usage frequency) to a speech recognition system without disclosing any improvement to the underlying model architecture, loss function, or training procedure.",530,71,2.06
10049420,0.85,high,The claim applies established mapping techniques (associating domain elements to range elements) to a new data environment (PAN devices to digital assistant utterances) without disclosing any technological improvement to the mapping model itself.,496,65,1.83
9940409,0.85,high,"The claim applies established machine learning techniques (e.g., updating search results based on user input and profile) to a new data environment (contextual search interface) without disclosing any technological improvement to the model itself.",942,67,1.75
9607060,0.85,high,"The claim applies established machine learning techniques (generating mapping models, comparing results, selecting based on metrics) to the new data environment of ETL job generation without disclosing any improvement to the machine learning models themselves.",559,67,2.3
10021061,0.85,high,"The claim applies established machine learning techniques (e.g., 'modifying the set of user profile criteria using a machine-learning technique') to a new data environment (social networking message presentation) without disclosing any improvement to the machine learning model itself.",579,73,2.04
9928423,0.85,high,"The claim applies established machine learning techniques (e.g., extracting features, fitting to normal/anomaly patterns, clustering, weighting, ranking) to a new data environment (video anomaly detection) without disclosing any specific technological improvement to the machine learning model itself.",870,76,2.28
9972357,0.85,high,"The claim applies established machine learning techniques (analyzing audio data for perceptual characteristics, normalizing, thresholding/attenuation) to a new data environment (audio-video synchronization for production) without disclosing any improvement to the machine learning model itself.",523,74,2.06
10096315,0.85,high,"The claim applies established speech recognition and alignment techniques to a new data environment (channel recordings) without disclosing any improvement to the machine learning model itself, such as a new architecture or training procedure.",471,63,1.77
9911408,0.85,high,"The claim applies established machine learning techniques (HMMs, ASR, phonemic transcription) to a new data environment (vehicle TTS system) without disclosing any improvement to the models themselves.",651,64,1.9
9898452,0.85,high,"The claim applies established NLP and analytic analysis algorithms to scanned text images without disclosing any improvement to the machine learning models themselves, merely using them in a new data environment (scanned pages).",584,63,1.76
10032455,0.85,high,"The claim applies established machine learning techniques (speech recognition, pronunciation alignment, grammar updating) to a distributed speech recognition environment without disclosing any improvement to the underlying model architecture, loss function, or training procedure.",627,66,1.98
10019760,0.95,high,"The claim applies established machine learning techniques (transforming financial trends into a retirement score) to a new data environment (financial institution data) without disclosing any technological improvement to the model itself, such as a new architecture or training procedure.",768,71,2.06
9984044,0.85,high,"The claim applies established queuing network modeling and analytical solving techniques to a new data environment (clustered system performance prediction) without disclosing any technological improvement to the model itself, such as a new architecture, loss function, or training procedure.",596,73,1.83
10043103,0.85,high,"The claim applies established machine learning techniques (group context matching, appearance model matching) to a new data environment (multi-camera group matching) without disclosing any technological improvement to the underlying models.",533,63,1.78
10038689,0.85,high,The claim applies established data verification and threshold comparison techniques to a new data environment (user activity data from a video source) without disclosing any technological improvement to the underlying models or algorithms.,849,61,2.09
10025795,0.85,high,The claim applies established distributed query processing techniques to a networked data source environment without disclosing any technological improvement to the underlying machine learning models or algorithms.,942,53,1.69
10067936,0.85,high,"The claim applies established machine learning techniques (iterative training, user weighting, threshold-based selection) to a new data environment (machine translation selection) without disclosing any improvement to the underlying machine learning model itself.",660,66,1.92
10102297,0.85,high,The claim applies established filtering and contextual relevance techniques to a new data environment (device parameters and user account items) without disclosing any improvement to the underlying machine learning model.,531,58,1.71
10079994,0.85,high,"The claim applies established machine learning techniques (confidence scores, relevancy metrics, comparison and override) to a new data environment (video conversations) without disclosing any technological improvement to the underlying model.",458,63,2.02
10074151,0.15,high,"The claim recites a specific technological improvement: performing a successive over-relaxation (SOR) operation simultaneously on pixels within windows without local dependencies, which is a novel parallelization technique for dense optical flow, not merely applying established ML to a new domain.",605,76,1.88
9942109,0.85,high,"The claim applies a recursive formula with a scaling factor and depth-based exponent to calculate a health metric, which is an established mathematical technique applied to a new data environment (IT service management) without disclosing any improvement to the underlying machine learning model or algorithm.",606,75,2.16
10037367,0.85,high,"The claim applies established machine learning techniques (sentiment analysis, correlation modeling) to social media data without disclosing any improvement to the underlying models, reciting only generic steps like extracting phrases, assigning valence, and generating timelines.",694,69,1.92
9875741,0.85,high,"The claim applies established machine learning techniques (multiple speech recognizers with confidence levels, iterative selection based on triggers) to a new data environment (chat information system) without disclosing any improvement to the speech recognition models themselves.",814,68,1.87
9858593,0.95,high,"The claim applies established machine learning techniques (parsing keywords, retrieving relevant ads) to a new data environment (URL shortening) without disclosing any technological improvement to the machine learning model itself.",699,62,1.83
10032271,0.85,high,The claim applies established machine learning techniques (feature aggregation and classification) to a new data environment (dental 3D models) without disclosing any improvement to the machine learning model itself.,514,62,1.58
9990135,0.85,high,"The claim applies established machine learning techniques (e.g., selecting a development component based on stack trace position) to a new data environment (memory usage logs) without disclosing any improvement to the machine learning model itself.",529,67,1.97
9916533,0.85,high,"The claim applies established machine learning techniques (statistical model, text mining, pair-wise linking) to a new data environment (ingesting documents from online sources based on a topic) without disclosing any improvement to the machine learning model itself.",892,72,1.99
9898579,0.85,high,"The claim applies established DNA manipulation techniques (hybridization, washing, isolating) to a new data environment (relational database operations on DNA digital data storage) without disclosing any improvement to the underlying machine learning or DNA manipulation models themselves.",586,72,1.97
10104221,0.85,high,"The claim applies established rules for language selection based on communication history and user preferences, without disclosing any technological improvement to a machine learning model or algorithm.",688,54,1.67
10037604,0.15,high,"The claim recites a specific technological improvement to the model itself, namely a novel combination of color intensity differential thresholding and edge energy accumulation for foreground detection, which is not merely applying established machine learning to a new data environment.",587,69,2.09
10154417,0.85,high,The claim applies established machine learning techniques (creating relationships based on training data) to a new data environment (wireless network CRE values) without disclosing any improvement to the machine learning model itself.,630,63,1.75
9858356,0.85,high,"The claim applies established machine learning techniques (recommenders, effectiveness values, assignment based on comparison) to the new data environment of automated web page generation without disclosing any technological improvement to the machine learning models themselves.",629,66,1.73
9961123,0.85,high,The claim applies established machine learning techniques (scoring based on operations) to a new data environment (media production system operations) without disclosing any improvement to the machine learning model itself.,655,61,1.98
9999788,0.85,high,"The claim applies established Monte Carlo simulation and distribution function techniques to the new data environment of particle beam therapy for lesions, without disclosing any improvement to the machine learning models themselves.",556,59,1.71
9972313,0.85,high,"The claim applies established machine learning techniques (rejection model, key phrase model, state transitions, likelihood scores) to a new data environment (audio input for key phrase detection) without disclosing a specific technological improvement to the model architecture, loss function, training procedure, representation, or sampling method.",644,83,2.4
10102320,0.85,high,The claim applies established machine learning techniques (classifier and predictor program using database data) to a new data environment (electronic CAD design) without disclosing any improvement to the machine learning model itself.,657,63,2.05
9996074,0.95,high,"The claim applies established machine learning techniques (predictive modeling, grouping, partitioning, generating a prediction model, updating a virtual machine) to a new data environment (electrolytic smelting bath process) without disclosing any technological improvement to the model itself, such as a new architecture, loss function, training procedure, representation, or sampling method.",989,93,2.27
10079848,0.85,high,The claim applies the established Apriori algorithm to a new data environment (security analysis tool configuration) without disclosing any improvement to the algorithm itself.,851,54,1.64
10025780,0.85,high,The claim applies established machine learning techniques (priority values based on reliability scores) to a new data environment (crowdsourcing translations) without disclosing any technological improvement to the model itself.,669,61,1.96
9865264,0.85,high,The claim applies established machine learning techniques (multiple speech recognizers with confidence-based selection and dynamic switching based on response type) to a new data environment (Chat Information System) without disclosing any improvement to the machine learning models themselves.,672,70,2.06
10026393,0.85,high,"The claim applies established machine learning techniques (response engine, non-lexical cue insertion, speech synthesizer) to a new data environment (text-to-speech with non-lexical cues) without disclosing any technological improvement to the underlying models.",484,74,2.08
10158348,0.0,high,"The claim recites a specific circuit architecture with Josephson junctions and storage inductor, which is a technological improvement to the storage loop itself, not merely applying established ML to a new data environment.",586,62,1.88
10152478,0.85,high,"The claim applies established machine learning techniques (clique graphs, probability functions) to a new data environment (disambiguating strings from articles) without disclosing a specific technological improvement to the model itself.",642,64,2.05
9965503,0.85,high,"The claim applies established machine learning techniques (selecting granularity based on data distribution indices) to the domain of data cube generation without disclosing any improvement to the underlying model architecture, loss function, or training procedure.",489,67,2.01
9972030,0.85,high,"The claim applies established machine learning techniques (semantic models, performance pattern identification) to the new data environment of advertising creative generation without disclosing any technological improvement to the machine learning models themselves.",696,62,1.91
9922095,0.85,high,"The claim applies established machine learning techniques (named entity recognition, ranking, dynamic grammar building) to a new data environment (social network data related to broadcast media) without disclosing any technological improvement to the underlying models.",557,67,1.99
9985334,0.0,high,"The claim recites a specific structural antenna array with a base, a first substrate having a shape configured to interface with a biomedical device, and arrays of isolated submillimeter-sized antennas for optimized near-field coupling, which is a technological improvement to the antenna array itself, not merely applying established machine learning to a new data environment.",512,89,2.23
10026014,0.85,high,"The claim applies established clustering and centroid computation techniques to image classification without disclosing any improvement to the machine learning model itself, reciting generic steps like 'executing the clustering algorithm' and computing centroids using conventional values such as 'color values' and 'simple average'.",718,79,2.31
10044821,0.85,high,The claim applies established machine learning techniques (comparison with historical activities to assign a reputation category) to a new data environment (user sign-up activities for an online service) without disclosing any improvement to the machine learning model itself.,581,70,2.08
10054938,0.85,high,The claim applies established clustering and dispatching techniques to a manufacturing environment without disclosing any improvement to the machine learning models themselves.,460,46,1.65
10122996,0.85,high,"The claim applies established computer vision techniques (rectification, disparity estimation, pixel tracking, pose estimation, 3D model construction) to a new data environment (2D stereo images) without disclosing any technological improvement to the underlying models or algorithms.",484,74,2.0
9863348,0.1,high,The claim recites a specific technological improvement to engine fuel control (cycling between rich and lean conditions for particulate filter regeneration) rather than applying established machine learning to a new data environment.,476,60,2.23
9924870,0.85,high,"The claim applies established machine learning techniques (feature selection, model building based on ground truth) to a new data environment (PPG features from video) without disclosing any improvement to the machine learning model itself, and includes features like 'determining consistency' which are incident to the nature of machine learning.",631,85,2.05
10108296,0.95,high,"The claim applies established machine learning techniques (discretization, fragmentation, pattern extraction, feature vector generation, classification) to a new data environment (touch panel user operations) without disclosing any technological improvement to the machine learning model itself.",1152,71,2.12
10070314,0.85,high,"The claim applies established machine learning techniques (e.g., voice verification, question generation based on historical data) to a new data environment (social media and geolocation data for authentication) without disclosing any technological improvement to the underlying models.",797,72,2.11
10158657,0.85,high,The claim applies established machine learning techniques (aggregate and negative measurements to generate a reputation score) to a new data environment (source addresses and user interactions) without disclosing any technological improvement to the model itself.,598,66,2.19
10059336,0.85,high,"The claim applies established machine learning techniques (driver model, deviation module, updating preferred trajectory) to a vehicle control system without disclosing any specific technological improvement to the model itself, such as a new architecture or training procedure.",656,68,1.95
9887768,0.85,high,"The claim applies established machine learning techniques (e.g., correlating energy presence with detection time, estimating future spectral occupancy based on historical data) to a new data environment (tactical spectrum harvesting) without disclosing any improvement to the machine learning model itself.",826,76,1.9
9922641,0.85,high,"The claim applies established machine learning techniques (universal speech model, speaker transform coefficients, speaker-independent model, cepstral coefficient modification) to a new data environment (cross-lingual speech generation) without disclosing any technological improvement to the model itself.",477,75,2.01
10430276,0.1,high,"The claim recites a specific technological improvement to the model itself, namely a deterministic selection process based on DS processing unit attributes and availability levels, which is not merely applying established machine learning to a new data environment.",544,66,1.97
10289700,0.85,high,"The claim applies established keyword matching and ranking techniques to a new data environment (image-keyword mapping) without disclosing any improvement to the underlying machine learning model, architecture, or training procedure.",696,62,2.16
10320799,0.85,high,"The claim applies established machine learning techniques (e.g., trigger creation based on user identification) to a new data environment (streaming data for user profile management) without disclosing any technological improvement to the model itself.",602,67,2.02
10402424,0.85,high,The claim applies established job scheduling and data transformation techniques to a Web service environment without disclosing any technological improvement to the scheduling or transformation models themselves.,553,53,1.88
10319019,0.85,high,"The claim applies established machine learning techniques (encoded neural network model, feature vectors, similarity scoring) to a new data environment (cross-language listing pairing for machine translation training data) without disclosing any technological improvement to the model itself.",613,70,1.99
10346844,0.85,high,"The claim applies established machine learning techniques (fraud scoring using historical data) to a new data environment (payment card transactions) without disclosing any improvement to the machine learning model itself, focusing instead on data storage and retrieval improvements (in-memory data grid).",752,77,2.07
10235466,0.95,high,"The claim applies established machine learning techniques (user profiling, content characteristic analysis, predictive scoring) to a new data environment (presentation content filtering) without disclosing any technological improvement to the machine learning model itself.",1107,66,2.13
10402734,0.85,high,"The claim applies established machine learning techniques (language model scores, spatial model scores) to a new data environment (text input with timing) without disclosing any improvement to the machine learning models themselves.",647,63,1.71
10496896,0.85,high,"The claim applies established deep-learning models (first and second) to perform two-pass object detection and scoring without disclosing any improvement to the model architecture, loss function, training procedure, representation, or sampling method.",547,66,2.28
10515219,0.85,high,"The claim applies established tokenization, hashing, and dictionary filtering techniques to a new data environment (security testing of an AUT) without disclosing any technological improvement to the underlying machine learning models.",504,63,1.76
10282441,0.85,high,The claim applies established monitoring and threshold-based corrective action techniques to a database environment without disclosing any improvement to the underlying machine learning models or algorithms.,815,53,1.65
10403273,0.85,high,The claim applies established machine learning techniques (confidence scoring based on statistics and time intervals) to a new data environment (guided dialog) without disclosing any improvement to the machine learning model itself.,545,62,1.73
10354187,0.85,high,"The claim applies established machine learning techniques (vectorization, ETL, term extraction, training, retraining) to a new data environment (confidentiality classification of files) without disclosing any improvement to the machine learning model itself.",597,71,1.95
10361981,0.85,high,"The claim applies established machine learning techniques (analyze content, extract request/commitment, annotate) to a new data environment (electronic communications) without disclosing any technological improvement to the model itself.",555,65,1.86
10296692,0.85,high,"The claim applies established machine learning techniques (sampling, simulation) to a new data environment (metrology target design) without disclosing any improvement to the machine learning model itself.",641,60,1.72
10511481,0.85,high,"The claim applies established machine learning techniques (scoring function, automated analysis) to a new data environment (multi-tenant provider network configuration) without disclosing any technological improvement to the model itself.",636,63,1.71
10223573,0.85,high,"The claim applies established machine learning techniques (fingerprinting, comparison) to a new data environment (virtual reality) without disclosing any technological improvement to the model itself, as it merely recites 'a step for generating a first unique visitor fingerprint' without specifying a new architecture, loss function, training procedure, representation, or sampling method.",641,91,2.2
10476872,0.85,high,"The claim applies established neural network techniques (acoustic feature extraction, bottleneck features, phonetic unit classification) to a new data environment (spoken command analysis) without disclosing any improvement to the neural network architecture, loss function, training procedure, representation, or sampling method.",523,77,2.29
10387124,0.85,high,The claim applies established knowledge modeling and design pattern mapping techniques to a new domain (domain specific language creation) without disclosing any technological improvement to the underlying models or algorithms.,618,58,1.67
10482184,0.85,high,"The claim applies established machine learning techniques (speech recognition, context labeling, rule-based dialog) to a new data environment (dialog system context) without disclosing any improvement to the underlying models or algorithms.",722,65,1.89
10419462,0.85,high,The claim applies established data annotation and access control techniques to a new data environment (network event data) without disclosing any technological improvement to the underlying machine learning model or data processing method.,464,61,1.94
10395418,0.85,high,"The claim applies probability fields for prioritizing image processing, which is an established machine learning technique applied to a new data environment (image rendering) without disclosing any improvement to the underlying model architecture, loss function, or training procedure.",503,69,1.92
10318669,0.85,high,"The claim applies established machine learning techniques (forecasting model selection, error reduction, combining time-series) to a new data environment (multiple data sources) without disclosing any improvement to the machine learning model itself, such as a new architecture or training procedure.",795,75,2.23
10181319,0.85,high,"The claim recites a simulated VRU environment with standard telecommunication functions (TelecomIn, TelecomOut, dialer, call generator) and applies established call routing and DNIS processing techniques to a simulation/testing domain without disclosing any improvement to machine learning models or algorithms.",615,79,2.45
10445984,0.85,high,The claim applies established machine learning techniques (calculating a guild effect value based on guild metrics with decreasing sensitivity) to a new data environment (online game guilds) without disclosing any technological improvement to the model itself.,606,68,1.88
10332545,0.85,high,The claim applies established machine learning techniques (temporal and power cue based confidence determination and comparison) to a new data environment (microphone zones for speech signal source identification) without disclosing any improvement to the underlying machine learning models themselves.,577,71,2.24
10449967,0.85,high,"The claim applies established machine learning techniques (analysis, comparison to thresholds, grading) to a new data environment (vehicle-to-vehicle communication) without disclosing any technological improvement to the machine learning model itself.",600,65,1.68
10346500,0.85,high,"The claim applies established machine learning techniques (e.g., generating a matrix, determining credential scores and ranking scores) to a new data environment (filtering search results based on contributor veracity and credentials) without disclosing any technological improvement to the machine learning model itself.",950,77,2.23
10417701,0.85,high,"The claim applies established machine learning techniques (e.g., determining peer groups, processing financial and social data, selecting vendors based on comparisons) to a new data environment (vendor notification and social statement generation) without disclosing any technological improvement to the machine learning model itself.",933,77,2.39
10445351,0.85,high,"The claim applies established machine learning techniques (TF-IDF, mapping phrases to solutions) to a new data environment (audio codec, personal digital assistant) without disclosing any improvement to the model itself.",641,65,1.85
10371601,0.85,high,The claim applies established machine learning techniques (iterative drive derivation) to a new data environment (coupled hybrid dynamic system for vehicle testing) without disclosing any improvement to the machine learning model itself.,727,64,1.98
10366410,0.85,high,"The claim applies established machine learning techniques (comparing online signals, determining changes) to a new data environment (marketing campaign monitoring) without disclosing any technological improvement to the model itself.",661,62,1.72
10303681,0.95,high,The claim applies established word-embedding machine-learning models to a new data environment (job search queries and titles) without disclosing any improvement to the model itself.,555,57,1.62
10491663,0.1,high,"The claim recites a specific technological improvement to a heterogeneous computation system with master, worker, and aggregator nodes configured to concurrently implement different computational specifications for the same problem, which is a distributed computing architecture improvement, not merely applying established ML to a new data environment.",604,77,2.09
10204032,0.85,high,"The claim applies established machine learning techniques (extracting unit values, generating structural representations, identifying pattern information, and iterative adjustment) to a new data environment (textual content for testing a computer program) without disclosing any specific technological improvement to the model itself.",619,76,2.11
10423479,0.85,high,"The claim applies established machine learning techniques (parsing queries into vectors, grouping, ranking problems) to a new data environment (data warehouse system) without disclosing any improvement to the machine learning model itself.",585,65,1.93
10366291,0.85,high,"The claim applies established image processing and machine learning techniques to a new data environment (real-time image feed with user-defined shortcuts) without disclosing any technological improvement to the underlying models, as it merely uses 'one or more image processing techniques' and 'assistant application' without specifying a new architecture, loss function, training procedure, representation, or sampling method.",586,96,2.74
10216835,0.85,high,The claim applies established word cloud generation and updating techniques to a new data environment (information resources with profile items) without disclosing any technological improvement to the underlying machine learning models.,791,59,1.77
10268748,0.85,high,"The claim applies established co-occurrence counting and scoring techniques to recommend articles based on user interest, without disclosing any improvement to the underlying machine learning model.",630,55,1.8
10404738,0.85,high,The claim applies established machine learning techniques (using labeled samples to predict labels for remaining samples) to a new data environment (IPFIX data for amplification attacks) without disclosing any improvement to the machine learning model itself.,592,68,1.92
10409903,0.85,high,"The claim applies established machine learning (a machine classifier) to a new data environment (user-specific vocabulary analytics) without disclosing any improvement to the classifier itself, such as a new architecture or training procedure.",563,65,1.81
10409865,0.85,high,"The claim applies established machine learning techniques (relevance scoring, categorization) to a new data environment (search query results) without disclosing any technological improvement to the model itself, such as a new architecture or training procedure.",590,68,1.9
10176711,0.85,high,"The claim applies established machine learning techniques (e.g., determining average rates, generating data structures with state and transition values, analyzing states to optimize traffic light cycle times) to a new data environment (traffic intersection management) without disclosing any technological improvement to the machine learning model itself.",633,81,2.12
10271008,0.85,high,"The claim applies established machine learning (neural network) to a new data environment (image steganography with resolution reduction) without disclosing any improvement to the neural network architecture, loss function, training procedure, representation, or sampling method.",506,72,2.39
10304007,0.85,high,"The claim applies established decision fusion techniques to heterogeneous data from multiple decision engines without disclosing any improvement to the underlying machine learning models, such as a new architecture or training procedure.",498,59,1.77
10268952,0.85,high,"The claim applies established machine learning techniques (trained fundamental model, binary code conversion, coarse-to-fine search) to a new data environment (image searching) without disclosing any technological improvement to the model itself.",541,67,1.88
10430812,0.85,high,"The claim applies established regression modeling to a new data environment (retail PCI effects) without disclosing any improvement to the machine learning model itself, reciting only conventional steps like receiving, storing, aggregating, and forming regression models.",593,71,1.97
10397256,0.85,high,"The claim applies established machine learning techniques (obtaining labels, providing to ML application, generating prediction model) to a new data environment (email and cloud service providers) without disclosing any technological improvement to the model itself, such as a new architecture or training procedure.",669,77,2.0
10229160,0.85,high,"The claim applies established machine learning techniques (monitoring, categorizing, modifying based on predicted satisfaction) to a new data environment (search history) without disclosing any technological improvement to the model itself, as it merely uses generic steps like 'modifying the search request to increase a predicted satisfaction level' without specifying a new architecture, loss function, or training procedure.",681,97,2.47
10503830,0.85,high,"The claim applies established rule-based and machine learning techniques (e.g., rule matching, abstraction, database updating) to a new data environment (processing natural language input with statement and question) without disclosing any technological improvement to the underlying models or algorithms.",846,74,1.99
10410716,0.1,high,"The claim recites a specific hardware architecture (crossbar array with diagonal control lines, resistive memory elements, and transistors) that performs matrix multiplication, which is a technological improvement to the computing device itself, not merely applying established ML to a new data environment.",602,75,2.12
10511599,0.85,high,"The claim applies established machine learning techniques (user behavior analytics) to a new data environment (impossible travel detection) without disclosing any technological improvement to the model itself, as it focuses on identifying and correcting location data from egress points rather than improving the underlying ML model.",700,79,2.32
10445586,0.85,high,"The claim applies established machine learning techniques (video summarization model, scoring, ranking, suppression) to a new data environment (video frames) without disclosing any technological improvement to the model itself.",604,63,1.75
10241891,0.85,high,"The claim applies established machine learning techniques (pattern recognition, approximation algorithms, recursive improvement) to a new data environment (mobile application performance ranking) without disclosing any specific technological improvement to the model itself.",789,64,2.25
10356062,0.1,high,"The claim recites a specific cryptographic method using a function to combine key-use restriction information with keys to produce a signing key, which is a technological improvement to access control mechanisms, not merely applying established ML to a new data environment.",539,70,1.83
10423911,0.85,high,"The claim applies established machine learning techniques (e.g., identifying, extracting, categorizing, pairing, leveraging user activity and trends) to a new data environment (social media platforms and user information) to generate a virtual visualization simulator, without disclosing any technological improvement to the machine learning model itself.",598,83,2.26
10339920,0.85,high,"The claim applies established machine learning techniques (language identification, scoring, pronunciation generation) to a new data environment (spoken utterance processing for audio content) without disclosing any improvement to the machine learning models themselves.",579,65,1.94
10198839,0.85,high,"The claim applies established machine learning techniques (CNN-based style transfer) to a new data environment (image artifact repair) without disclosing any improvement to the model architecture, loss function, or training procedure.",503,64,2.18
10523756,0.85,high,"The claim applies a streaming algorithm and statistical distribution to estimate infrequently accessed objects for storage tier migration, which is an established machine learning technique applied to a new data environment (network storage) without disclosing any improvement to the model itself.",706,71,1.84
10319383,0.85,high,"The claim applies established machine learning techniques (voice processing, contextual data identification, and user confirmation) to a new data environment (voice commands with contextual events) without disclosing any technological improvement to the underlying model.",517,66,2.01
10224030,0.85,high,"The claim applies established machine learning techniques (ASR, NER, feature vectors) to a new data environment (speaker-specific gazetteer) without disclosing any improvement to the underlying models.",526,64,2.0
10223427,0.85,high,"The claim applies established machine learning techniques (e.g., interleaving bits for search, cumulative weight calculation) to a new data environment (color palette generation) without disclosing a specific technological improvement to the model itself.",922,68,2.47
10482883,0.85,high,"The claim applies established machine learning techniques (dynamic updating of a voice-to-text model based on context) to a new data environment (voice input with context sensitive entities) without disclosing a specific technological improvement to the model itself, such as a new architecture or training procedure.",580,78,2.49
10296634,0.85,high,"The claim applies established machine learning techniques (co-occurrence and topic similarity metrics, social engagement metrics) to a new data environment (label management in social networking) without disclosing any technological improvement to the underlying models.",623,67,2.12
10523520,0.85,high,"The claim applies established machine learning techniques (mining templates, control flow graphs, discriminative parameters) to a new data environment (system execution logs) without disclosing any improvement to the machine learning models themselves.",670,66,1.81
10394876,0.85,high,"The claim recites building a fuzzy category taxonomy and extractor, extracting terms, associating with context data, producing partitions, and applying weights, which are established machine learning techniques applied to a new data environment (fuzzy term partitions) without disclosing any technological improvement to the model itself.",448,81,2.48
10389742,0.85,high,"The claim applies established machine learning models to generate threat scores based on features derived from network data, without disclosing any improvement to the machine learning models themselves, resembling Recentive-vulnerable language.",758,63,2.02
10480941,0.1,high,"The claim recites a specific hardware architecture (sensor chip with PLD, configuration registers, classification circuit) that performs feature extraction and classification using changeable parameters, which is a technological improvement to the sensor chip itself, not merely applying established ML to a new data environment.",543,79,2.1
10318701,0.85,high,The claim applies established MDD-based configuration space techniques to a vehicle configuration domain without disclosing any improvement to the underlying MDD model or algorithm.,621,53,2.63
10175980,0.1,high,"The claim recites specific hardware computing units with loop nest execution for neural network inference, which is a technological improvement to the model's hardware implementation rather than applying established ML to a new data environment.",568,63,2.37
10255616,0.85,high,"The claim applies established machine learning techniques (e.g., rule-based selection of whisper codes based on source) to a new data environment (social networking system advertising) without disclosing any technological improvement to the model itself.",585,67,1.98
10302813,0.85,high,The claim applies established plate tectonic modeling and simulation techniques to a new data environment (geographic region and frontier basin evaluation) without disclosing any technological improvement to the models themselves.,507,59,3.18
10409914,0.85,high,"The claim applies established machine learning techniques (semantic similarity scoring, threshold-based filtering, and modification based on acceptance information) to a new data environment (textual content) without disclosing any improvement to the machine learning model itself, such as a new architecture, loss function, or training procedure.",618,83,3.07
10360611,0.85,high,"The claim applies established natural language processing and database retrieval techniques to a bot application without disclosing any improvement to the underlying machine learning model, architecture, or training procedure.",539,57,2.1
10387778,0.1,high,"The claim recites a specific hardware architecture (resistive device arrays with disconnected diagonal/off-diagonal elements) and a constant-time matrix operation, which is a technological improvement to the model itself, not merely applying established ML to a new domain.",580,73,1.91
10387179,0.85,high,"The claim applies established scheduling and optimization techniques to a web services platform without disclosing any improvement to the underlying machine learning model, as it merely selects nodes based on operational parameters and process parameters using dynamic changing rules.",774,66,1.92
10440431,0.85,high,"The claim applies established LSTM neural networks to generate video scripts based on viewer attributes, without disclosing any improvement to the LSTM architecture, loss function, training procedure, or representation.",892,61,2.84
10305758,0.85,high,"The claim applies established machine learning techniques (pattern detection, classification) to a new data environment (IT service monitoring) without disclosing any improvement to the machine learning model itself.",704,59,1.87
10318826,0.85,high,The claim applies established structure from motion and feature matching techniques to a new data environment (rear obstacle detection in vehicles) without disclosing any improvement to the underlying machine learning models or algorithms.,522,61,2.08
10274346,0.85,high,"The claim applies established machine learning techniques (e.g., determining computed ground-truth locations from sensor data) to a new data environment (mobile device sensor logs with location estimates) without disclosing any technological improvement to the machine learning model itself.",672,72,1.88
10262055,0.85,high,"The claim applies established machine learning techniques (probabilistic classification) to predict database type and processing type in a federated database system, without disclosing any improvement to the machine learning models themselves.",677,63,1.69
10275515,0.85,high,"The claim applies established machine learning techniques (trained learning model for labeling sequences, semantic analysis) to a new data environment (generating question-answer pairs from textual data) without disclosing any improvement to the model itself, such as a new architecture or training procedure.",737,78,2.45
10339921,0.15,high,"The claim recites a specific neural network architecture with spatial filtering convolutional layers using multichannel filters and spectral filtering convolutional layers using single-channel filters with different time lengths, which is a technological improvement to the model itself.",653,67,1.83
10635912,0.85,high,"The claim applies established simulation and sensor data generation techniques to a new data environment (3D driving simulation) without disclosing any improvement to the underlying machine learning models, algorithms, or data generation methods.",486,64,2.02
10867310,0.85,high,The claim applies established machine learning techniques (scoring based on segment rules) to a new data environment (correlated datasets from multiple owners) without disclosing any improvement to the machine learning model itself.,753,64,2.0
10326426,0.0,high,"The claim recites a specific structural improvement to a MEMS guided wave device, including a piezoelectric layer, slow wave propagation layer, electrodes, confinement structure, and loading material with particular arrangements, which is a technological improvement to the device itself, not an application of established machine learning.",541,80,2.52
10650071,0.85,high,"The claim applies established machine learning techniques (generating probability data based on attributes) to a new data environment (user profiles, search and web history data) for content pre-assembly, without disclosing any improvement to the machine learning model itself.",767,73,2.14
10678598,0.85,high,"The claim applies established machine learning techniques (e.g., selecting/deselecting based on penalty) to a blockchain transaction environment without disclosing any technological improvement to the model itself.",496,59,1.89
10650923,0.85,high,The claim applies established saliency feature extraction and key frame selection techniques to a medical imaging domain without disclosing any improvement to the machine learning models themselves.,604,54,2.11
10699707,0.85,high,The claim applies established machine learning techniques (biasing a general language model) to a new data environment (device topology representation) without disclosing any improvement to the model itself.,746,59,1.76
10678617,0.1,high,"The claim recites a specific technological improvement to software stack redundancy and error handling using containers and multipath configurations, not merely applying established machine learning to a new data environment.",612,58,1.75
10572906,0.85,high,"The claim applies established machine learning techniques (predicting likelihoods, computing scores, ranking) to a new data environment (online system content and recommendation units) without disclosing any improvement to the machine learning model itself.",706,67,2.13
10742605,0.85,high,The claim applies established machine learning techniques (evaluating characteristics based on learned characteristics and rules) to a new data environment (detecting and blocking content that can develop undesired behavior by AI entities) without disclosing any improvement to the machine learning model itself.,528,76,3.23
10860928,0.85,high,The claim applies established encoder-decoder neural network architecture and latent variable representation to a new data environment (template-based memory retrieval) without disclosing any specific technological improvement to the machine learning model itself.,625,63,1.82
10603498,0.85,high,"The claim applies established machine learning techniques (e.g., 'incorporating one or more machine learning engines' for prediction and iterative updating) to a medical device setting without disclosing any specific technological improvement to the machine learning model itself.",766,70,2.34
10534643,0.85,high,"The claim applies established machine learning techniques (seasonal decomposition, smoothing, correlation) to a new data environment (heap usage and thread information) without disclosing any improvement to the machine learning models themselves.",684,64,1.73
10795440,0.85,high,"The claim applies a word feature predictive model to neural signals without disclosing any improvement to the model itself, merely applying established machine learning to a new data environment (BCI).",468,60,2.35
10535344,0.85,high,The claim applies established machine learning techniques (generating a vector from a response attribute indication and using it to select a response) to a conversational system without disclosing any improvement to the machine learning model itself.,506,65,2.3
10685446,0.85,high,"The claim applies established machine learning techniques (recurrent generation, neural network, 3D semantic segmentation model) to a new data environment (video sequence frames) without disclosing any specific technological improvement to the model architecture, loss function, training procedure, representation, or sampling method.",594,80,2.28
10778615,0.85,high,"The claim applies a 'first model' to generate a 'learned user profile' and select messages/options, which is an established machine learning technique applied to a new data environment (user-specific message content) without disclosing any improvement to the model itself.",716,76,2.08
10782684,0.1,high,"The claim recites a specific technological improvement to vehicle actuator instruction verification and fault handling, not merely applying established machine learning to a new data environment.",533,53,1.83
10769958,0.85,high,The claim applies established machine learning techniques (discourse relation prediction model and classifier) to a new data environment (generating questions from passages) without disclosing any improvement to the models themselves.,548,62,2.0
10827982,0.85,high,"The claim applies a standard convolutional neural network to classify echocardiograms based on a periodic stacking of cardiac cycles, which is an established ML technique applied to a new data environment (medical imaging) without disclosing any improvement to the CNN architecture, loss function, training procedure, or representation.",495,81,2.38
10761866,0.85,high,"The claim applies established machine learning techniques (natural-language understanding, ranker model, dialog engine) to a new data environment (user requests in domains) without disclosing any technological improvement to the models themselves.",597,65,1.92
10783436,0.85,high,"The claim applies established deep neural network training and multimodal learning to predict network characteristics for task assignment in a LAN, without disclosing any improvement to the machine learning model itself.",607,58,1.99
10692489,0.85,high,"The claim applies established ASR, NLU, and TTS techniques to a new data environment (motion data from a wearable device) without disclosing any technological improvement to the machine learning models themselves.",587,65,1.94
10776903,0.85,high,"The claim applies a fully convolutional neural network (an established ML technique) to image modification for text recognition without disclosing any improvement to the model architecture, loss function, training procedure, or representation.",713,63,1.78
10606996,0.85,high,The claim applies established pattern matching and feature extraction processes to a biometric authentication data environment without disclosing any technological improvement to the machine learning models themselves.,550,53,2.21
10831788,0.85,high,"The claim applies established statistical comparison techniques (percentage calculation, weighting, thresholding) to a social network data environment without disclosing any improvement to the underlying machine learning model.",676,58,1.81
10713491,0.25,medium,"The claim recites a specific architecture combining convolutional and recurrent neural network layers to generate spatio-temporal feature maps, which is a technological improvement to the model itself rather than merely applying established ML to a new data environment.",592,67,2.14
10826786,0.3,medium,"The claim recites a specific hierarchical tree data structure representing point cloud data as a hierarchy of mixture distributions and a recursive search in the E-step, which may be a technological improvement to the model itself, but the use of expectation maximization and parallel processing are established techniques.",520,78,2.29
10755447,0.85,high,"The claim applies a 'makeup discrimination network trained using deep learning' to generate makeup characteristics, which is an established machine learning technique applied to a new data environment (image search for makeup), without disclosing any improvement to the model itself.",578,72,2.21
10762914,0.15,high,"The claim recites a specific technological improvement to the model itself: a multi-microphone adaptive reverberation filter that is updated iteratively using frequency domain representations, which is a novel signal processing technique rather than a mere application of established machine learning to a new data environment.",557,77,3.12
10757203,0.85,high,"The claim applies established graph-based mapping and probability edge generation techniques to a new data environment (website tracking and user profiling) without disclosing any improvement to the underlying machine learning model architecture, loss function, training procedure, representation, or sampling method.",787,73,2.41
10841328,0.85,high,The claim applies established machine learning techniques (evaluating vulnerabilities based on past history and matching) to a new data environment (container placement in isolated computing spaces) without disclosing any improvement to the machine learning model itself.,583,68,2.11
10783451,0.85,high,"The claim applies established machine learning techniques (unsupervised semantic space determination, supervised classifier training) to a new data environment (data objects from multiple sources, query-based search) without disclosing any improvement to the machine learning models themselves.",732,70,2.19
10565212,0.85,high,"The claim applies established statistical weighting and aggregation techniques to a new data environment (entity ratings) without disclosing any improvement to the underlying machine learning model, as it merely determines age adjustment distance values and weights ratings by reducing them by that distance, which is a conventional method.",713,78,2.95
10535191,0.85,high,"The claim applies established machine learning techniques (automatic boundary determination, visual property modification, and labeling) to a new data environment (3-D images for autonomous vehicle training) without disclosing any improvement to the machine learning model itself, such as a new architecture, loss function, or training procedure.",770,83,2.94
10578040,0.15,high,"The claim recites a specific technological improvement: applying Fischer-Burmeister function, smoothing, and Newton method iterations to solve a constrained optimal control problem for engine control, which is a novel mathematical optimization technique rather than merely applying established machine learning to a new domain.",503,76,3.43
10558516,0.85,high,"The claim applies established machine learning techniques (anomaly detection, signal generation, periodic analysis) to a new data environment (configuring an anomaly detection service) without disclosing any technological improvement to the model itself.",490,67,2.62
10540612,0.85,high,The claim applies established signal decomposition and synthesis techniques to a new data environment (computer system telemetry) without disclosing any improvement to the underlying machine learning model or algorithm.,530,58,1.72
10850964,0.15,high,"The claim recites a specific technological improvement to the filling process itself—using a difference in weight from a prior cycle to modify a threshold in a subsequent cycle—which is a concrete, domain-specific feedback mechanism, not merely applying established ML to a new data environment.",601,77,2.69
10846565,0.85,high,"The claim recites applying a non-parametric model with a kernel function optimized based on labeled training data to calculate distribution distance, which applies established machine learning techniques to a new data environment without disclosing a specific technological improvement to the model itself.",489,72,2.85
10803617,0.85,high,"The claim applies established machine learning models (object detection, context generation) to a new data environment (image orientation correction) without disclosing any technological improvement to the models themselves.",578,59,1.8
10824533,0.85,high,"The claim applies established machine learning techniques (metrics generation, benchmarking, comparison) to a new data environment (service efficiency metric for a service object) without disclosing any technological improvement to the model itself.",446,64,2.09
10878489,0.85,high,The claim applies established image overlay and video processing techniques to a new data environment (reflective surface capture) without disclosing any technological improvement to the underlying models or algorithms.,509,58,2.1
10602224,0.85,high,The claim applies established machine learning techniques (iterative adjustment based on error comparison) to a new data environment (seed panel generation for audience measurement) without disclosing any improvement to the machine learning model itself.,478,65,1.94
10604814,0.85,high,"The claim applies established machine learning techniques (neural network, interpolation, gradient computation, weighted training) to a new data environment (blast furnace HMT prediction) without disclosing any improvement to the model architecture, loss function, training procedure, or representation.",716,75,2.23
10742588,0.85,high,The claim applies established machine learning techniques (textual analysis) to a new data environment (electronic posts lacking media items) without disclosing any improvement to the machine learning model itself.,481,60,1.96
10831811,0.95,high,"The claim applies established machine learning techniques (Bayes network, schema-ontology, relationship strength) to a new data environment (language interpretation for software actions) without disclosing a specific technological improvement to the model itself.",1710,67,3.03
10791067,0.85,high,The claim applies established machine learning techniques (predicting a response based on status and content) to a new data environment (cognitive message response) without disclosing any technological improvement to the model itself.,626,63,3.68
10579745,0.85,high,"The claim applies established modeling and simulation techniques to a new subject area without disclosing any improvement to the underlying machine learning models, as it focuses on populating, generating, and integrating data using a schema and GUI, which are generic computational steps.",707,73,1.79
10762099,0.85,high,"The claim applies established machine learning techniques (pattern matching, transformation rules) to optimize SQL queries without disclosing any improvement to the machine learning model itself, merely using ML to generate intermediate statements and select transformations based on results.",942,68,3.39
10838837,0.95,high,"The claim applies established machine learning techniques (reference models, combination model, prediction) to a new data environment (distributed sensor network in a vehicle) without disclosing any improvement to the machine learning model itself, reciting only generic steps like 'generating a combination reference model' and 'predicting a future state'.",1098,89,2.63
10754935,0.85,high,"The claim applies established machine learning techniques (characteristic models, predictors, scores) to a new data environment (user actions across different device types for access control) without disclosing any technological improvement to the machine learning models themselves.",547,69,1.95
10545524,0.85,high,"The claim applies established techniques (database querying, scanning loads across channels, utilization-based selection) to a new data environment (power supply design) without disclosing any improvement to the underlying machine learning model or algorithm.",579,67,1.94
10614077,0.85,high,"The claim applies established statistical methods (counting messages, computing authority and power values) to a new data environment (social media messages) without disclosing any technological improvement to the underlying machine learning model.",634,63,1.96
10551522,0.85,high,"The claim applies established machine learning concepts like iterative training and dynamic updating to a new data environment (geological formation data) without disclosing any specific technological improvement to the model itself, such as a new architecture or loss function.",508,69,2.11
10626817,0.85,high,"The claim applies established machine learning models (neural network, SVM, random forest, etc.) to a gas turbine combustion system without disclosing any improvement to the model architecture, loss function, training procedure, or representation, and includes features like iterative training and dynamic updating that are incident to the very nature of machine learning.",915,88,2.52
10665343,0.85,high,The claim applies established decision tree and EMR integration techniques to a medical domain without disclosing any improvement to the underlying machine learning model or decision tree algorithm.,616,55,1.78
10574766,0.85,high,"The claim applies established data collection, filtering, and rule-based processing to a new business problem (tracking online/offline shopping behavior) without disclosing any technological improvement to the underlying machine learning models or algorithms.",710,67,1.91
10803157,0.85,high,"The claim applies established machine learning techniques (gesture matching, animation parameter translation) to a new data environment (facial gesture authentication) without disclosing any technological improvement to the model itself.",520,62,1.75
10686750,0.85,high,"The claim applies established machine learning techniques (parsing, translating, transliterating, generating combinations) to a new data environment (domain name suggestion) without disclosing any technological improvement to the underlying models.",651,65,2.03
10609128,0.85,high,The claim applies established machine learning techniques (weight-based selection) to a new data environment (cloud service management) without disclosing any improvement to the machine learning model itself.,591,58,1.98
10819258,0.1,high,"The claim recites a specific circuit and microcontroller configuration for starting a U-shape single phase synchronous permanent magnetic motor using back-EMF estimation and integration, which is a technological improvement to motor control rather than applying established machine learning to a new data environment.",530,75,2.18
10575197,0.85,high,"The claim applies an artificial intelligence technique to process a report and identify an issue, without disclosing any improvement to the AI model itself, merely using it in a new data environment (voice communication sessions).",616,65,1.98
10841236,0.85,high,The claim applies established machine learning techniques (prediction model with weighted parameters from historical data) to a new data environment (job scheduling across computing clusters) without disclosing any improvement to the model itself.,690,64,2.58
10609047,0.95,high,"The claim recites calculating probabilities and comparing to a threshold, which are established statistical methods applied to a new data environment (messages) without disclosing any improvement to the underlying model or algorithm.",997,62,1.98
10692484,0.25,medium,"The claim recites a specific multi-task learning architecture with a conditioning model that configures hidden layers for two distinct tasks (minimizing difference and maximizing perceived quality), and discarding one section after training, which goes beyond merely applying established ML to a new domain.",587,77,1.96
10692496,0.85,high,"The claim applies a model trained using watermarked and non-watermarked samples to detect audio watermarks, which is an established machine learning technique applied to a new data environment (audio watermark detection) without disclosing any improvement to the model itself.",561,72,2.03
10650432,0.85,high,The claim applies established machine learning techniques (neural network training) to a new data environment (user-item interaction events in an electronic catalog) without disclosing any technological improvement to the model itself.,701,63,2.14
10664664,0.85,high,"The claim applies established machine learning techniques (n-gram analysis, scoring, and augmenting training data or overriding outputs) to a new data environment (machine translation with user feedback) without disclosing any improvement to the machine learning model itself.",634,72,2.24
10872103,0.85,high,The claim applies established clustering and relevance optimization techniques to a storage system data environment without disclosing any improvement to the machine learning models themselves.,498,51,1.86
10778522,0.85,high,"The claim applies established machine learning techniques (black box optimization, performance comparison) to a new data environment (network stack configuration based on operational context) without disclosing any technological improvement to the machine learning model itself.",647,66,2.09
10546316,0.85,high,"The claim applies established machine learning techniques (feature extraction, grouping, tagging, scoring) to a new data environment (promotion option structures) without disclosing a specific technological improvement to the model itself.",1199,64,2.26
10818028,0.85,high,"The claim applies established machine learning techniques (training a classifier by minimizing a loss function) to a new data environment (monocular image data with geometric context and occlusion zones) without disclosing a specific technological improvement to the model itself, such as a new architecture, loss function, or training procedure.",609,83,2.6
10860896,0.85,high,"The claim applies established machine learning techniques (multi-scale image pyramid, feature pooling, classification model) to a new data environment (image data from cameras) without disclosing any technological improvement to the model itself.",572,65,2.0
10540363,0.85,high,"The claim applies established data processing and estimation techniques (filtering, aggregation, performance metadata) to a business intelligence context without disclosing any improvement to the underlying machine learning models or algorithms.",755,61,1.84
10830091,0.85,high,The claim applies established fuzzy reasoning rules to a new data environment (gas turbine engine lubrication system and burner) without disclosing any improvement to the fuzzy reasoning model itself.,601,57,1.64
10748064,0.1,high,"The claim recites a specific hardware architecture for an ANN with resistive processing units and a weight update operation using voltage pulses from two different neuron layers, which is a technological improvement to the model itself rather than applying established ML to a new data environment.",535,73,2.29
10635703,0.85,high,"The claim applies established clustering algorithms to documents with time points and uses human feedback for iterative refinement, without disclosing any improvement to the machine learning model itself.",565,55,2.14
10585780,0.85,high,The claim applies established machine learning techniques (training a model to distinguish buggy from bug-free code) to a new data environment (historical bug dataset) without disclosing any improvement to the machine learning model itself.,522,66,2.29
10848090,0.85,high,"The claim applies an artificial intelligence algorithm to determine a current command signal based on testing data and motor data, without disclosing any specific improvement to the machine learning model itself, merely applying established techniques to a motor control environment.",578,68,2.95
10572743,0.85,high,"The claim applies established machine learning techniques (cascade of weak decision trees) to a new data environment (road marking detection) without disclosing any improvement to the model architecture, loss function, training procedure, representation, or sampling method.",727,71,2.02
10789692,0.1,high,"The claim recites a specific mathematical technique (Jacobian matrix, principal characteristic vector) applied to image processing, which is a technological improvement to the model itself rather than merely applying established ML to a new domain.",467,66,1.85
10713625,0.85,high,The claim applies established machine learning techniques (calculating probabilities) to a new data environment (object reuse platform) without disclosing any technological improvement to the model itself.,559,57,1.62
10753181,0.85,high,"The claim applies established regression and type-curve methods to a new data environment (fracturing stages) without disclosing any improvement to the machine learning model itself, as it uses standard spreadsheet regression and equation fitting.",1004,67,2.28
10599649,0.85,high,The claim applies established machine learning techniques (dynamic weighting based on volatility) to a new data environment (database components for cost prediction) without disclosing a specific technological improvement to the model itself.,575,62,2.09
10546023,0.85,high,"The claim applies established machine learning techniques (generating embeddings, comparing similarity scores) to a new data environment (assistant interaction data and command bundles) without disclosing any technological improvement to the machine learning model itself.",658,67,2.25
10540267,0.85,high,The claim applies established machine learning techniques (clustering algorithm) to a new data environment (customer usage data for test case creation) without disclosing any improvement to the clustering algorithm itself.,586,61,1.74
10607148,0.85,high,"The claim applies established machine learning techniques (voiceprint comparison and probability scoring) to a new data environment (social network audio identification) without disclosing any improvement to the underlying model architecture, loss function, training procedure, representation, or sampling method.",545,73,1.87
10671812,0.85,high,"The claim applies established machine learning techniques (embedding vectors, nearest neighbor search, text cloud, training a text classifier) to a new data environment (text samples and scoring) without disclosing any improvement to the machine learning model itself.",590,71,1.9
10601990,0.85,high,The claim applies established machine learning techniques (adjusting a stored parameter based on feedback) to a new data environment (networked contact center with multiple tenants) without disclosing any improvement to the machine learning model itself.,589,67,1.95
10607394,0.85,high,"The claim applies established volumetric reconstruction and confidence field techniques to a new data environment (real-world capture space with multiple capture devices) without disclosing any improvement to the underlying machine learning model, architecture, or training procedure.",554,67,2.32
10803385,0.85,high,"The claim applies a trained artificial neural network to sense battery parameters and control charging/discharging, which is an established machine learning technique applied to a new data environment (battery management) without disclosing any improvement to the neural network model itself.",562,72,1.82
10867098,0.85,high,"The claim applies established machine learning techniques (classifying operations, iterative training/hardware modification) to a new data environment (ESL modeling for semiconductor design) without disclosing any improvement to the machine learning model itself.",647,68,2.05
10674563,0.85,high,"The claim applies established machine learning techniques (classifying, analyzing, generating intelligent responses) to a new data environment (mobile text messages with user database of calendar, GPS, motion, microphone, sensor data) without disclosing any technological improvement to the machine learning model itself.",512,78,2.11
10733457,0.85,high,The claim applies established machine learning techniques (trained action prediction model based on conditional probability) to a new data environment (video surveillance) without disclosing any technological improvement to the model itself.,657,62,2.04
10685020,0.85,high,"The claim applies established machine learning techniques (selectivity check, cost check, inference region adjustment) to a new data environment (database query optimization) without disclosing a specific technological improvement to the model itself.",691,65,1.9
10545989,0.85,high,The claim applies established data replication and subscription techniques to a gaming environment without disclosing any technological improvement to the underlying machine learning models or data processing methods.,659,54,1.59
10755819,0.85,high,The claim applies established blockchain and digital signature techniques to a healthcare regime optimization environment without disclosing any technological improvement to the underlying blockchain model or machine learning components.,788,55,1.7
10878192,0.85,high,The claim applies established graph-based relationship modeling to a new data environment (user events and content items) without disclosing any technological improvement to the underlying machine learning or graph construction models.,512,60,1.74
10552535,0.85,high,The claim applies established OCR and GUI techniques to a new data environment (physical work digitization) without disclosing any technological improvement to the underlying machine learning models.,594,56,2.12
10535276,0.85,high,"The claim applies established machine learning (a navigation model trained through cloud-based sharing) to a new data environment (airport runway, taxiway, gate data) without disclosing any technological improvement to the model itself, such as a new architecture or training procedure.",579,76,2.2
10770073,0.85,high,The claim applies established machine learning techniques (likelihood scoring based on gaze direction) to a new data environment (virtual assistant response determination) without disclosing any improvement to the machine learning model itself.,585,63,2.74
10664718,0.85,high,"The claim applies established neural network style transfer techniques to a new data environment (multi-resolution images with device performance parameters) without disclosing any improvement to the neural network architecture, loss function, training procedure, representation, or sampling method.",590,70,2.03
10713143,0.85,high,"The claim applies established machine learning techniques (iterative training, dynamic updating, model selection based on performance metrics) to a new data environment (log projection) without disclosing any improvement to the machine learning models themselves, such as a new architecture, loss function, or training procedure.",785,77,2.83
10817519,0.85,high,The claim applies established machine learning techniques (stage prediction model generated through training based on user query logs) to a new data environment (determining content based on query terms and location data across session stages) without disclosing any improvement to the machine learning model itself.,651,76,2.21
10776688,0.85,high,"The claim applies established machine learning (a flow interpolation neural network model) to a new data environment (optical flow data for frame interpolation) without disclosing any improvement to the model architecture, loss function, training procedure, representation, or sampling method.",535,73,2.32
10581886,0.85,high,The claim applies established machine learning techniques (profile-based anomaly detection with hierarchical profiles and memory limits) to a new data environment (log file analysis) without disclosing any technological improvement to the model itself.,590,64,1.9
10977441,0.85,high,"The claim applies established machine learning techniques (clustering, hybrid ML algorithms) to a new data environment (address normalization and sorting zone generation) without disclosing any technological improvement to the machine learning models themselves.",661,65,1.92
10936678,0.85,high,The claim applies established machine learning techniques (semantic distance and orthogonality functions) to a new data environment (search-term disambiguation) without disclosing a specific technological improvement to the model itself.,610,64,1.77
11100311,0.85,high,"The claim applies established machine learning techniques (object function, probability boundary) to image processing without disclosing any specific technological improvement to the model itself, such as a new architecture or training procedure.",532,62,2.11
11055139,0.85,high,"The claim applies established machine learning techniques (runtime metrics, gain/cost computation, synchronization cost) to a new data environment (accelerator allocation for deep learning jobs) without disclosing a specific technological improvement to the machine learning model itself.",584,71,1.91
11012574,0.85,high,The claim applies established machine learning techniques (attention state analysis) to a new data environment (notification delivery) without disclosing any technological improvement to the model itself.,486,56,1.79
10909972,0.85,high,"The claim applies established machine learning techniques (ASR, NLU, bag-of-words, intent detection) to a new data environment (voice audio with dynamic vocabulary) without disclosing any improvement to the underlying models themselves.",604,69,2.44
10944644,0.85,high,"The claim applies established machine learning techniques (predictive model training based on sensor data) to a new data environment (edge network with ambient sensor data) without disclosing any specific technological improvement to the model itself, such as a new architecture, loss function, or training procedure.",599,79,2.58
11100294,0.85,high,"The claim applies established machine learning techniques (natural language understanding, sentiment analysis, model construction) to a new data environment (social media content) and business problem (forecasting dialogue trajectories and applying remedial actions) without disclosing any technological improvement to the model itself, such as a new architecture, loss function, or training procedure.",604,89,2.78
10986228,0.85,high,"The claim applies established machine learning techniques (semantic model, low pass filter) to a new data environment (monitoring emotional state of a communication) without disclosing any improvement to the model itself.",571,64,1.87
11106949,0.85,high,"The claim applies established machine learning techniques (object detection, feature extraction, movement tracking) to a new data environment (video frames) without disclosing any technological improvement to the underlying models.",529,61,1.96
10999122,0.85,high,"The claim applies established machine learning techniques (propagating KPIs through a logical network) to a new data environment (computer performance anomaly detection) without disclosing any technological improvement to the model itself, as it merely describes entering, executing, and processing KPIs through nodes and edges.",886,81,2.18
11042545,0.85,high,"The claim applies established machine learning techniques (concept-mapping functions, compatibility indices, weighted averaging) to a new data environment (qualitative search terms on data items) without disclosing any improvement to the machine learning model itself.",678,70,2.0
10965566,0.95,high,"The claim applies established machine learning techniques (training a cloud service uptime model, dynamic polling, caching optimization) to a new data environment (cloud service uptime detection) without disclosing any specific technological improvement to the model itself, such as a new architecture, loss function, or training procedure.",669,83,2.63
11146597,0.85,high,"The claim applies established machine learning techniques (e.g., clustering, prediction inference) to a new data environment (IoT media filtering based on user attributes) without disclosing any specific technological improvement to the machine learning models themselves.",803,68,2.0
11170031,0.85,high,The claim applies established named entity resolution and semantic relationship identification to a new data environment (mutant gene entities from unstructured text) without disclosing any improvement to the underlying machine learning models.,623,61,2.47
10892761,0.0,high,"The claim recites a specific technological improvement to a quantum logic gate, including an XOR-enforcing Josephson junction and a comparator, which are structural and functional details of the model itself, not merely applying established ML to a new data environment.",494,72,2.38
10924661,0.85,high,"The claim applies established machine learning techniques (generating popularity scores, weighting based on context differences, aggregating parameters) to a new data environment (camera device context and prior images) without disclosing any improvement to the machine learning model itself.",592,73,2.22
11163707,0.15,high,"The claim recites a specific memory architecture (partitioned scratchpad and storage class memory) and a parallel compute cycle for hierarchical levels, which is a technological improvement to the model's hardware implementation rather than merely applying established ML to a new domain.",631,73,2.73
11107182,0.85,high,"The claim recites translating a graphical representation into an AI planning problem with weighted predicates and actions, which applies established machine learning techniques to a new data environment (graphical representation) without disclosing a specific technological improvement to the model itself.",443,71,2.42
10891309,0.85,high,The claim applies established hashing and duplication detection techniques to an in-memory data grid (IMDG) environment without disclosing any improvement to the underlying machine learning model or algorithm.,724,60,2.15
11003672,0.85,high,"The claim applies established machine learning techniques (crowd-sourced ranking models, intra-domain and inter-domain models) to a new data environment (on-device sensitive data) without disclosing any technological improvement to the models themselves.",676,69,1.75
10937058,0.95,high,"The claim applies established machine learning techniques (Gaussian Process Model, Thompson sampling, reinforcement learning) to the business problem of keyword bidding without disclosing any technological improvement to the models themselves.",871,61,2.29
10900341,0.85,high,The claim applies established machine learning techniques (similarity metrics like box plot and histogram statistics) to a new data environment (borehole time series data) without disclosing any improvement to the machine learning model itself.,478,66,2.02
10922716,0.85,high,The claim applies established machine learning techniques (tuple-combination scoring) to a new data environment (augmented reality scenes) without disclosing any improvement to the machine learning model itself.,572,61,2.18
11082529,0.85,high,"The claim applies established machine learning to generate action recommendations for service providers based on historical data and current location, without disclosing any improvement to the machine learning model itself.",583,57,2.05
11113689,0.95,high,"The claim applies established machine learning techniques (training models on historical data, comparing features) to a new data environment (receipt data for policy enforcement) without disclosing any improvement to the machine learning model itself.",717,66,1.85
10942914,0.85,high,The claim recites 'training a single codebook' and 'employing the trained codebook to encode' which applies established machine learning (codebook generation) to a new data environment (digital assets with common content but different bitrate/resolution) without disclosing any improvement to the codebook model itself.,507,86,2.32
11147632,0.85,high,"The claim applies a 'recalled machine learning object identification process having at least one kernel' to evaluate read information from an instrument, which is an established ML technique applied to a new data environment (instrument identification) without disclosing any improvement to the machine learning model itself.",469,78,2.51
11196866,0.85,high,"The claim applies established machine learning techniques (e.g., identifying context, aggregating information, choosing routing options) to a contact center environment without disclosing any specific technological improvement to the machine learning model itself.",553,65,2.48
11169854,0.85,high,"The claim applies established machine learning techniques (predicting node metrics, computing eligibility values) to a new data environment (software-defined nodes in a cluster) without disclosing any improvement to the machine learning model itself.",566,66,2.89
11200459,0.15,high,"The claim recites a specific technological improvement to the model itself: factoring a convolutional neural network space into classification and reconstruction spaces and performing deep correlation alignment to match distributions, which goes beyond applying established ML to a new data environment.",547,69,2.77
11170299,0.85,high,"The claim applies a deployed neural network to compute a depth map from image data, which is an established machine learning technique applied to a new data environment (autonomous driving) without disclosing any improvement to the neural network model itself.",486,70,1.81
11039907,0.85,high,The claim applies established machine learning techniques (clustering) to a new data environment (oral cleaning device orientations) without disclosing any improvement to the clustering model itself.,533,57,1.59
10884981,0.85,high,"The claim applies established techniques (OCR, NLP, clustering) to a new data environment (unsearchable formats) without disclosing any improvement to the machine learning models themselves.",655,59,2.57
11163928,0.85,high,"The claim applies established optimization techniques (minimizing quantum resources, placing resources based on frequency/order/connectivity) to a new data environment (quantum circuit simulation for chemical entities) without disclosing a specific technological improvement to the machine learning model itself.",555,76,2.4
10944687,0.85,high,The claim applies established clustering and optimization techniques to a network resource allocation data environment without disclosing any improvement to the machine learning model itself.,523,51,1.81
11036989,0.85,high,"The claim applies established machine learning techniques (detecting skeletal joints, filtering using video feed) to a new data environment (monocular images of a user's body) without disclosing any technological improvement to the machine learning model itself.",518,70,1.78
11126711,0.85,high,"The claim applies established machine learning techniques (quantitative measurement, indexing, and visualization) to a new data environment (log source evaluation for security incidents) without disclosing any technological improvement to the model itself, as it merely defines variables and instructions for generating a log quality index.",757,79,1.99
11087420,0.85,high,"The claim applies established machine learning techniques (e.g., processing sensor data, determining energy usage, and providing recommendations) to a new data environment (energy efficiency monitoring) without disclosing any technological improvement to the machine learning model itself.",989,70,1.82
11205123,0.35,medium,"The claim recites a specific training sequence (recurrent neural network training prior to self-attention based training) and an end-to-end integrated attention training framework, which may constitute a technological improvement to the model itself, but the application to medical images and disease diagnosis suggests a domain-specific application.",640,82,2.11
11004141,0.85,high,"The claim applies established machine learning techniques (e.g., determining a recommendation based on proximity and quality of service) to a new data environment (order processing and location recommendation) without disclosing any technological improvement to the machine learning model itself.",710,71,2.66
11010302,0.85,high,"The claim applies established machine learning techniques (neural caching, accuracy comparison, switching between default and custom systems) to a new data environment (image capture) without disclosing any improvement to the machine learning model itself, such as a new architecture or training procedure.",546,76,2.77
10936367,0.85,high,"The claim applies established machine learning techniques (e.g., determining dependencies, impacts, and ranking) to a new data environment (job scheduling) without disclosing any technological improvement to the model itself, such as a new architecture or training procedure.",519,72,3.45
11003997,0.85,high,"The claim applies established machine learning techniques (generating positive/negative samples, training a lookalike model, computing social graph features) to a new data environment (lookalike audience generation) without disclosing any improvement to the machine learning model itself.",622,75,2.33
11106562,0.85,high,"The claim applies established machine learning techniques (feature extraction, similarity computation) to a new data environment (task workflow metrics) without disclosing any improvement to the machine learning model itself.",544,60,2.27
11107014,0.85,high,"The claim applies established machine learning techniques (clustering via DTW, iterative model selection with error thresholds) to a new data environment (millions of time series from multiple domains) without disclosing any improvement to the underlying models or algorithms.",809,72,1.96
10984179,0.85,high,"The claim applies a trained data model to generate a motion animation sequence for a data object in a digital canvas, which is an established machine learning technique applied to a new data environment (productivity service) without disclosing any improvement to the model architecture, loss function, training procedure, representation, or sampling method.",622,86,2.36
10976471,0.85,high,"The claim applies established machine learning techniques (analog pairing, dynamic weighting, bias correction) to a new data environment (air quality forecasting) without disclosing any improvement to the underlying model architecture, loss function, training procedure, representation, or sampling method.",656,75,2.26
11127402,0.1,high,"The claim recites specific technological components (visual information flow creation tool, voice skill interface, script interfacing, account linking) that are not merely applying established machine learning to a new data environment, but rather describe a particular system architecture and integration method.",467,74,2.77
11048762,0.85,high,"The claim applies established machine learning techniques (automated document feature extraction, model updating, staging environment) to a new data environment (document feature extraction) without disclosing any technological improvement to the model itself, such as a new architecture or training procedure.",656,74,2.81
11205066,0.85,high,"The claim applies established machine learning techniques (inverse kinematics, interpolation based on similarity) to a new data environment (pose recognition from images) without disclosing a specific technological improvement to the model itself, as it merely uses a three-dimensional skeleton model and adjusts interpolation ratios based on similarity.",611,81,2.27
11061954,0.85,high,"The claim applies established machine learning techniques (word embeddings, training on context-response pairs, similarity scoring) to a new data environment (unclassified conversation data from an interactive agent) without disclosing any improvement to the machine learning model itself.",708,71,2.14
11154267,0.1,high,"The claim recites a specific technological improvement to the image reconstruction process itself (generating a mask from a two-dimensional orthogonal projection image based on verified non-anatomic pixel coordinates and compressing pixel values in isolated regions), which is a concrete technical solution rather than merely applying established machine learning to a new data environment.",501,86,2.59
11036810,0.85,high,"The claim applies established machine learning concepts (influence scoring, citation graph, ranking) to a new data environment (web search for opinions) without disclosing any technological improvement to the underlying models.",732,63,2.97
10963781,0.85,high,"The claim applies a classification network to predict genre and mood combinations from audio segments, which is an established machine learning technique applied to a new data environment (audio track segmentation and linking) without disclosing any improvement to the model architecture, loss function, training procedure, representation, or sampling method.",593,82,3.7
10951764,0.85,high,"The claim applies established machine learning techniques (intent determination, routing, monitoring, script creation) to a new data environment (user communication routing) without disclosing any improvement to the machine learning model itself.",507,65,1.93
11074218,0.85,high,"The claim applies established machine learning techniques (user behavior profiling, entity correlation) to a new data environment (pay network, distributed linking node mesh) without disclosing any technological improvement to the model itself.",530,64,2.59
11163740,0.85,high,"The claim applies established machine learning techniques (training set creation, probability determination based on counts) to a new data environment (field-specific tokenization) without disclosing a specific technological improvement to the model itself.",666,65,2.41
11099867,0.85,high,"The claim applies established machine learning techniques (contextual information, input mode suggestion) to a new data environment (conversational UI) without disclosing any technological improvement to the model itself.",626,62,1.86
11023463,0.85,high,The claim applies established query processing and optimization techniques to a new data environment (external data system integration) without disclosing any technological improvement to the underlying machine learning models or query processing algorithms.,785,61,1.75
10943253,0.85,high,"The claim applies established machine learning techniques (scoring, ranking, threshold-based filtering, look-up table correction) to the business problem of selecting promotions for electronic correspondence without disclosing any improvement to the machine learning model itself.",1371,68,2.03
10999251,0.85,high,The claim applies established machine learning techniques (correlating traffic statistics into session records and generating policies) to a new data environment (network traffic flows among application workloads) without disclosing any technological improvement to the machine learning model itself.,613,70,1.73
11058948,0.85,high,"The claim applies established machine learning techniques (predictive model trained using historical behavior data) to a new data environment (multiplayer gaming session) without disclosing any technological improvement to the model itself, such as a new architecture, loss function, or training procedure.",604,76,1.91
10902444,0.85,high,"The claim applies established machine learning techniques (inferring markets from metadata, generating clusters) to a new data environment (online app store metadata) without disclosing any improvement to the machine learning model itself.",659,65,1.92
10915116,0.85,high,"The claim applies established machine learning (a classifier) to a new data environment (autonomous vehicle scheduling) without disclosing any improvement to the classifier itself, and includes features like 'electing a leader' and 'earliest deadline first scheduling' that are conventional.",538,77,2.43
11120800,0.85,high,"The claim applies established machine learning techniques (feature computation, aggregation, statistical values) to a new data environment (natural language input events, user profile timeline) without disclosing any improvement to the machine learning model itself.",586,67,2.9
11081213,0.85,high,"The claim applies established machine learning techniques (e.g., estimating probabilities, calculating QALYs, computing confidence intervals) to a new data environment (patient medical records and lifestyle preferences) without disclosing any technological improvement to the machine learning models themselves.",703,73,3.22
11055460,0.1,high,"The claim recites a specific technological improvement: constructing a random Boolean circuit and conjoining it with a valid-transition Boolean circuit to guide SAT solver queries, which is a novel method for constrained random simulation, not merely applying established ML to a new domain.",544,75,2.78
11140199,0.85,high,"The claim applies established machine learning models to a new data environment (simulated phishing communications) without disclosing any technological improvement to the model itself, such as a new architecture or training procedure.",508,62,1.74
11017033,0.85,high,"The claim applies established NLP and graph construction techniques to clinical documents without disclosing any improvement to the underlying machine learning models, such as a new architecture, loss function, or training procedure.",683,61,1.88
11163961,0.85,high,"The claim applies established machine learning techniques (parsing, intent identification, confidence scoring) to a new data environment (virtual assistant for service provider site) without disclosing any technological improvement to the model itself, such as a new architecture, loss function, or training procedure.",838,78,2.39
10978185,0.85,high,"The claim applies established machine learning techniques (e.g., 'cleaning, standardizing, natural language processing, and machine learning' and 'probabilistic patient matching algorithms') to a new data environment (healthcare data integration and care manager assignment) without disclosing any specific technological improvement to the machine learning models themselves.",1110,88,3.32
10929383,0.85,high,"The claim applies established machine learning techniques (detecting invalid data, determining invalidity level, generating revision recommendations) to a new data environment (training data with labeled constituents) without disclosing any specific technological improvement to the model itself, such as a new architecture, loss function, or training procedure.",794,84,2.41
11155863,0.85,high,The claim applies established sequencing and alignment techniques to a new data environment (mutation detection) without disclosing any improvement to the underlying machine learning or alignment models.,666,56,1.71
11070575,0.85,high,"The claim applies established machine learning techniques (local model, independent classification, updating decentralized information) to a new data environment (traffic classification verification) without disclosing any technological improvement to the model itself.",465,64,1.79
11087235,0.85,high,"The claim applies established machine learning techniques (training cases, cohort analysis, threshold-based selection) to a medical data environment without disclosing any improvement to the machine learning model itself, such as a new architecture or training procedure.",798,68,1.81
10949431,0.1,high,"The claim recites a specific technical improvement to a calculation engine's top operator, including sorting, grouping, and aggregating based on base and top attributes to achieve a target sum, which is a concrete data processing technique rather than a mere application of established machine learning.",621,77,2.44
11106716,0.85,high,"The claim applies established machine learning models (text-based document classifier, image-based metadata category identification model, fuzzy text matcher) to a new data environment (electronic document metadata categorization) without disclosing any technological improvement to the models themselves.",711,71,1.77
11131548,0.85,high,"The claim applies established machine learning techniques (RF model, weighted average, iterative updating) to a new data environment (UAV route planning) without disclosing any improvement to the model architecture, loss function, training procedure, representation, or sampling method.",610,74,2.16
10997219,0.85,high,"The claim applies established machine learning techniques (generating embeddings, traversing nodes) to a new data environment (electronic content with views) without disclosing any technological improvement to the model itself.",562,62,2.22
11019005,0.85,high,The claim applies established machine learning techniques (predicting a moment based on proximity features) to a new data environment (beacon signals for social interactions) without disclosing any improvement to the machine learning model itself.,524,66,1.68
11063916,0.1,high,"The claim recites a specific technological improvement to secure communication and protocol conversion between a facility control service and PLC interfaces, including encrypted connections, certificate-based authentication, and dynamic selection of PLC conversion instructions, which goes beyond merely applying established ML to a new data environment.",832,76,2.31
11016745,0.85,high,"The claim applies established machine learning (a 'machine learning searching algorithm') to optimize a distributed software package, but does not disclose any improvement to the machine learning model itself, instead focusing on the new data environment of transcompilation.",605,70,2.0
10972493,0.85,high,The claim applies established machine learning techniques (clustering) to a new data environment (malware analysis log files) without disclosing any improvement to the clustering model itself.,558,58,1.51
11211059,0.85,high,"The claim applies established machine learning techniques (acoustic models, word recognition reliability) to a new data environment (multilingual speech) without disclosing a technological improvement to the model itself, as it merely uses preset sub language mapping information based on usage frequency.",597,75,2.3
11035967,0.85,high,"The claim applies established statistical and probabilistic methods (polarity probability density functions, marginalization) to a new data environment (seismic time series for earthquake focal mechanism determination) without disclosing any improvement to the underlying machine learning or statistical models themselves.",627,73,1.96
11021934,0.85,high,The claim applies established machine learning techniques (Markov chain Monte Carlo inversion) to a new data environment (LFDAS and DTS data from a well) without disclosing any improvement to the model itself.,541,66,1.92
11010685,0.85,high,The claim applies established simulation and selection techniques to a new data environment (qubit chip configurations) without disclosing any improvement to the underlying machine learning model or simulation method.,445,58,1.66
11003826,0.85,high,"The claim applies established machine learning techniques (classification models, feature sets, training) to a new data environment (circuit design implementation flow) without disclosing any technological improvement to the machine learning models themselves.",625,65,1.89
11179066,0.75,high,The claim applies established machine learning techniques (iterative spike detection via subtraction and residual analysis) to a new data environment (neuromuscular signals from wearable sensors) without disclosing a specific technological improvement to the model itself.,607,68,1.98
11151369,0.85,high,"The claim applies established machine learning techniques (probabilistic models, hierarchical classification) to a new data environment (document type classification) without disclosing any improvement to the model itself.",564,60,1.98
10942780,0.85,high,The claim applies established data collection and metric computation techniques to a distributed computing environment without disclosing any improvement to the underlying machine learning models or algorithms.,787,53,1.92
11055003,0.1,high,"The claim recites a specific hardware architecture and control circuitry that performs operations on data in response to access commands, which is a technological improvement to memory and processing systems, not merely applying established ML to a new data environment.",519,68,2.16
10990850,0.85,high,The claim applies established machine learning techniques (using a second model to evaluate and retrain a first model) to a new data environment (edge device images with metadata) without disclosing any improvement to the machine learning models themselves.,627,69,2.12
10915796,0.15,high,"The claim recites a specific technological improvement: fusing RF AoA data with computer vision angular position data based on a probability comparison, which is a novel sensor fusion technique, not merely applying established ML to a new data environment.",657,70,2.25
11044185,0.85,high,The claim applies established machine learning techniques (correlating data to predict latency) to a new data environment (radio access network latency data) without disclosing any improvement to the machine learning model itself.,550,64,1.83
11004164,0.95,high,"The claim applies established machine learning (classifier-based model, feature extraction, training dataset) to a new data environment (trademark violation detection in online content) without disclosing any improvement to the model architecture, loss function, training procedure, representation, or sampling method.",808,79,2.48
11074104,0.85,high,"The claim applies established machine learning techniques (adapting a quantum circuit based on parameters) to a new data environment (quantum computing queue management) without disclosing a specific technological improvement to the model itself, as it merely re-maps connectivity based on parameters.",510,76,2.2
11095601,0.85,high,"The claim applies established machine learning techniques (relationship strength analysis, tier assignment, propagation based on feedback) to a social network data environment without disclosing any technological improvement to the underlying models.",656,61,2.18
11170076,0.85,high,The claim applies established crowdsourcing and data storage techniques to a new data environment (digital rights click through documents) without disclosing any technological improvement to the underlying machine learning model.,542,59,1.82
10884771,0.85,high,"The claim applies established machine learning techniques (translation, matching degree via editing distance, word vectors, co-occurrences) to a new data environment (multi-language typesetting) without disclosing a specific technological improvement to the model itself.",772,71,2.14
11069131,0.85,high,"The claim applies established machine learning techniques (e.g., determining predicted parameters and generating a 3D model based on deltas) to a new data environment (body fat measurement and personalized 3D body modeling) without disclosing any improvement to the underlying machine learning model itself.",599,80,2.3
11044303,0.85,high,"The claim applies established machine learning techniques (e.g., updating a score based on node characteristics and periodically lowering it to trigger an election) to a new data environment (local area network portal selection) without disclosing any technological improvement to the model itself.",562,74,2.32
10885055,0.85,high,"The claim recites generic data wrangling, enrichment, and signal detection modules without disclosing any specific technological improvement to machine learning models, applying established techniques to a new data environment.",625,60,1.82
11080733,0.85,high,"The claim applies established machine learning techniques (reverse geo-coding, statistical area mapping, demographic analysis) to a new data environment (payment transactions and public demographic data) for generating market recommendations, without disclosing any technological improvement to the machine learning model itself.",689,74,2.8
11132361,0.85,high,"The claim applies established machine learning techniques (supervised learning, feature extraction, classifier generation) to a new data environment (medical queries) without disclosing any improvement to the machine learning model itself.",503,63,2.9
11086950,0.85,high,"The claim recites processing feedback inputs with 'task generation rules' and updating a knowledge base, which applies established machine learning techniques to a new data environment (knowledge base management) without disclosing any technological improvement to the model itself.",634,70,2.32
10942960,0.85,high,"The claim applies a model to determine a relevance score of notable events from machine data, which is an established machine learning technique applied to a new data environment (machine data sources) without disclosing any improvement to the model itself.",522,69,2.38
10902543,0.85,high,"The claim applies a standard CNN training and watermark extraction technique to a new data environment (images) without disclosing any improvement to the CNN architecture, loss function, or training procedure.",843,60,1.9
11163944,0.85,high,"The claim applies established machine learning training to determine expected character sets and formats for form fields, and uses probability matching to reposition cursor, without disclosing any improvement to the machine learning model itself.",701,62,2.21
11157880,0.85,high,"The claim applies established machine learning techniques (e.g., generating rules, updating rules based on monitoring) to a new data environment (emotional state and activity scheduling) without disclosing any technological improvement to the machine learning model itself.",1130,69,1.96
11100170,0.85,high,The claim applies established clustering and query matching techniques to a new data environment (search query exploration) without disclosing any improvement to the machine learning model itself.,562,55,1.66
11233956,0.85,high,"The claim applies established machine learning models to sensor data processing without disclosing any improvement to the machine learning model itself, such as a new architecture or training procedure.",604,56,1.79
11195039,0.85,high,"The claim applies established object detection neural networks to a video frame analysis problem, using a delta-based threshold to skip full analysis on similar frames, without disclosing any improvement to the neural network architecture, loss function, training procedure, representation, or sampling method.",545,75,2.11
11086765,0.85,high,The claim applies established software testing and file generation techniques to a new data environment (user acceptance testing for software projects) without disclosing any technological improvement to the underlying models or algorithms.,684,60,2.41
11270216,0.85,high,"The claim recites generic inference units and an integration unit with weights, applying established machine learning techniques to a medical diagnosis data environment without disclosing any improvement to the machine learning models themselves.",515,61,2.19
11507843,0.1,high,"The claim recites a specific technological improvement to memory die architecture and operation, namely storing data with different rates of change using different NVM access parameters, which is a hardware-level optimization rather than applying established ML to a new domain.",502,70,1.79
11417110,0.85,high,"The claim applies established machine learning techniques (surfel mapping, semantic labeling, sensor data comparison) to a new data environment (determining wet/icy conditions) without disclosing any improvement to the machine learning model itself.",556,68,2.53
11232134,0.85,high,"The claim recites an 'iterative request refiner' and 'visualization analyzer' that apply established machine learning techniques (e.g., iterative refinement, analysis for embellishments) to a new data environment (customized visualization based intelligence augmentation) without disclosing any specific technological improvement to the model itself, such as a new architecture or training procedure.",484,94,2.38
11514293,0.85,high,"The claim applies established LSTM networks to a new data environment (spatial arrangement of encoded state features for object maneuver prediction) without disclosing any improvement to the LSTM architecture, loss function, training procedure, or representation.",583,69,1.79
11520564,0.85,high,"The claim applies established machine learning techniques (evaluation, recommendation based on similarity) to a new data environment (cloud computing cost optimization) without disclosing any technological improvement to the model itself.",505,62,2.3
11293835,0.85,high,"The claim applies a classifier (established machine learning) to determine whether to re-output laser light based on state and environmental data, without disclosing any improvement to the classifier itself, merely applying it to a new data environment (laser device control).",638,74,2.07
11526804,0.85,high,"The claim applies established machine learning techniques (similarity scoring, threshold-based filtering, iterative training) to a new data environment (document analysis with sentence type classification) without disclosing any improvement to the machine learning model itself.",864,68,2.0
11259195,0.1,high,"The claim recites a specific technological improvement to drone communication handover based on preemptive data packet transmission before entering an obstruction region, which is not merely applying established ML to a new data environment.",511,63,1.92
11430466,0.85,high,"The claim applies established machine learning techniques (training a model to recognize sound sources) to a new data environment (autonomous driving audio data) without disclosing any improvement to the machine learning model itself, such as a new architecture or training procedure.",533,73,1.93
11455176,0.85,high,"The claim applies established machine learning techniques (e.g., user identification, data item targeting based on accounts, and dismissal-based filtering) to a new data environment (multi-modal assistant device with display) without disclosing any improvement to the machine learning model itself.",828,75,2.23
11256747,0.85,high,"The claim applies established machine learning techniques (topic scoring, diversity scoring, threshold-based filtering) to a new data environment (collections of media objects) without disclosing any technological improvement to the machine learning model itself.",623,67,1.95
11487945,0.85,high,"The claim applies established NLU and similarity scoring techniques (e.g., CCG forms, mathematical comparison functions) to a new data environment (agent automation) without disclosing a specific technological improvement to the machine learning model itself.",561,69,1.75
11451553,0.85,high,The claim applies established machine learning techniques (evaluating sensor data to generate an agent-characterization result) to a new data environment (resource access authorization) without disclosing any improvement to the machine learning model itself.,696,67,1.99
11318305,0.85,high,"The claim applies established machine learning techniques (trained model, feature extraction, diagnostic model) to a new data environment (electroporation pulse parameter optimization) without disclosing any specific technological improvement to the machine learning model itself.",855,70,2.03
11256698,0.85,high,"The claim applies established machine learning models (trained query performance models) to predict runtimes for database workload optimization, without disclosing any improvement to the model architecture, loss function, training procedure, representation, or sampling method.",534,69,2.05
11361435,0.85,high,"The claim applies a neural network to a new data environment (fundus images) to predict blood properties, without disclosing any improvement to the neural network architecture, loss function, training procedure, representation, or sampling method.",497,68,2.1
11282190,0.85,high,"The claim applies a Deep Capsule Network (an established machine learning technique) to a new data environment (hair analysis) without disclosing any improvement to the model architecture, loss function, training procedure, or representation.",588,67,1.98
11321559,0.85,high,"The claim recites 'using a machine learning (ML) model' without specifying any improvement to the model itself, and applies established ML techniques to the new data environment of document structural element identification, which is a business problem.",495,69,2.0
11531906,0.85,high,"The claim applies established machine learning techniques (trained model, further training) to a new data environment (obfuscated identifiers, PII handling) without disclosing any improvement to the model architecture, loss function, training procedure, representation, or sampling method.",837,77,2.08
11474860,0.85,high,"The claim applies established machine learning prediction to a workflow environment without disclosing any improvement to the prediction model itself, reciting only generic steps like 'executing a prediction' and 'mark the prediction as correct to maintain an accuracy' which are incident to the nature of machine learning.",650,80,2.27
11363036,0.85,high,"The claim applies established machine learning techniques (training a model on historical data, generating similarity scores) to a new data environment (network security alerts) without disclosing any technological improvement to the model itself, such as a new architecture or training procedure.",623,73,2.06
11449960,0.85,high,"The claim applies established neural network techniques to determine orientation and boundary of an identification document, a new data environment, without disclosing any improvement to the neural network model itself.",580,58,2.2
11397982,0.85,high,The claim applies established digital watermark decoding or pattern recognition processes to a new data environment (food product identification from consumer-captured shelf images) without disclosing any technological improvement to the machine learning models themselves.,631,65,1.88
11301627,0.85,high,"The claim applies established machine learning techniques (language model, pixel analysis, contextual analysis) to the new data environment of image word prediction and correction, without disclosing any specific technological improvement to the models themselves.",679,65,2.21
11223655,0.1,high,"The claim recites a specific technological improvement to a blockchain-based tool configuration management system for semiconductor construction, not merely applying established machine learning to a new data environment.",546,56,2.04
11468609,0.85,high,The claim applies established techniques (generating orientations and histograms from 3D point clouds) to a new data environment (3D point cloud comparison) without disclosing any improvement to the underlying machine learning model or algorithm.,653,69,2.07
11301791,0.85,high,"The claim applies established machine learning techniques (clustering, sampling, multi-objective optimization) to a new data environment (network of nodes) without disclosing any technological improvement to the models themselves, reciting only generic steps like 'clustering each node' and 'multi-objective optimization' that are incident to the very nature of machine learning.",677,93,2.52
11482211,0.85,high,"The claim applies pre-trained machine learning models to determine intent, word slot, and conversation state information for spoken language understanding, but does not disclose any improvement to the machine learning models themselves, merely using them in a new data environment (spoken language analysis).",764,75,2.26
11271904,0.85,high,"The claim applies established rule reduction techniques to a network firewall environment without disclosing any improvement to the underlying machine learning model, architecture, or training procedure.",577,54,2.22
11468340,0.85,high,"The claim recites a system that stores Boolean information and uses backward/forward chaining evaluators, which are established logical inference techniques, applied to a new data environment (FLK repository) without disclosing any technological improvement to the inference models themselves.",900,74,2.89
11416522,0.85,high,"The claim applies established machine learning techniques (forming a concept graph, determining relevance scores, clustering) to a new data environment (device attributes for classification) without disclosing any technological improvement to the machine learning models themselves.",524,67,2.45
11410409,0.85,high,"The claim applies established neural network techniques (feature extraction layers, fully connected layers, filters, units) to a new data environment (image classification) and adds a path comparison step that is incident to the nature of machine learning, without disclosing any improvement to the model architecture, loss function, training procedure, or representation.",850,88,3.15
11367163,0.85,high,"The claim applies established artistic style transfer neural networks to a new data environment (image processing) without disclosing any improvement to the neural network architecture, loss function, training procedure, representation, or sampling method.",570,65,1.93
11516162,0.85,high,"The claim applies established machine learning techniques (e.g., generating contextually relevant messages based on user input and endorsement data) to a new data environment (social endorsement context) without disclosing any improvement to the machine learning model itself, such as a new architecture, loss function, or training procedure.",513,83,3.66
11489793,0.85,high,"The claim applies established machine learning techniques (cosine similarity analysis, weighting of resources) to a new data environment (chat conversations, regulatory resources) without disclosing any technological improvement to the model itself.",686,64,2.5
11494720,0.85,high,"The claim applies established ML techniques (training a model to classify text) to a new data environment (contractual documents) without disclosing any improvement to the ML model itself, such as a new architecture or training procedure.",652,68,2.24
11455307,0.85,high,"The claim applies established machine learning techniques (cardinality estimation error reduction via iterative row selection) to a new data environment (workload queries and data sources) without disclosing any improvement to the underlying model architecture, loss function, or training procedure.",540,74,3.93
11465279,0.85,high,"The claim applies a pre-trained model to generate an output map with confidence values for candidate positions, which is an established machine learning technique applied to a new data environment (robotic base placement) without disclosing any improvement to the model itself.",644,72,2.21
11341340,0.85,high,"The claim applies established machine learning techniques (encoding, prediction model, memory) to a new data environment (n-gram translation) without disclosing any improvement to the model architecture, loss function, training procedure, representation, or sampling method.",747,72,2.2
11411966,0.85,high,"The claim applies established machine learning anomaly detection models to a network security data environment without disclosing any improvement to the models themselves, reciting only generic features like 'plurality of machine-learning anomaly models' and 'security threat model'.",593,71,2.04
11366990,0.15,high,"The claim recites a specific technological improvement: approximating a positive definite kernel by transforming raw time-series data into a low-dimensional Euclidean inner product space using a randomized feature map to reduce computational complexity, which is a model-level improvement rather than merely applying established ML to a new domain.",617,80,2.19
11531881,0.85,high,"The claim applies established machine learning (artificial neural network training) to a new data environment (vehicle auto stop function) without disclosing any improvement to the model architecture, loss function, training procedure, or representation, and features like 'personalization model trained separately for each vehicle or user' are incident to the nature of machine learning.",572,91,2.69
11252231,0.85,high,The claim applies established machine learning techniques (model-based and observation-based optimization) to a new data environment (I/O request management) without disclosing any technological improvement to the machine learning models themselves.,630,63,2.2
11341192,0.85,high,"The claim applies a machine learning model trained to identify a blockchain platform based on a document, which is an established ML technique applied to a new data environment (blockchain document storage) without disclosing any improvement to the model itself.",590,70,2.21
11218473,0.85,high,"The claim applies established machine learning techniques (activity pattern analysis, confidence intervals) to a new data environment (suspicious login detection) without disclosing any technological improvement to the model itself.",655,62,2.16
11503158,0.85,high,The claim applies established clustering and biometric analysis techniques to a new data environment (customer service call interactions) without disclosing any improvement to the machine learning models themselves.,554,56,1.91
11295993,0.85,high,The claim applies established machine learning techniques (selecting subsets based on relationships to failure modes) to a new data environment (sensor measurements from semiconductor manufacturing equipment) without disclosing any improvement to the machine learning model itself.,521,68,1.94
11487967,0.85,high,"The claim applies a machine learning algorithm to map relationships between environmental data and selection parameters, and predicts optimal parameters, without disclosing any improvement to the machine learning model itself, resembling the application of established ML to a new data environment.",486,70,1.91
11402977,0.85,high,"The claim applies a generic machine learning model to determine attention level based on user features, without disclosing any improvement to the model itself, and uses thresholds and durations to select content, which is a business method applied to a new data environment.",750,72,2.13
11328002,0.85,high,"The claim applies established machine learning techniques (hashing, density-based clustering) to a new data environment (sparse user activity dataset) without disclosing any improvement to the underlying model architecture, loss function, training procedure, representation, or sampling method.",527,74,2.05
11221982,0.1,high,"The claim recites a specific hardware apparatus with multiplexers, control logic, and exclusive OR gates for data manipulation patterns, which is a technological improvement to the model itself rather than applying established ML to a new data environment.",526,68,2.62
11321318,0.85,high,The claim applies established machine learning techniques (training a model to map inputs to outputs) to a new data environment (database access path generation) without disclosing any improvement to the machine learning model itself.,454,64,1.95
11343412,0.85,high,"The claim applies a machine-learning model to determine user presence based on depth sensor data and trains the model based on inactivity of human interface devices, which are established ML techniques applied to a new data environment (depth sensor zones) without disclosing any improvement to the model itself.",622,78,2.53
11386338,0.85,high,"The claim applies established machine learning logic to a dialog system for multiple domain problem solving without disclosing any specific technological improvement to the machine learning model itself, such as a new architecture, loss function, or training procedure.",547,67,2.16
11287876,0.85,high,"The claim applies established machine learning techniques (constructing a knowledge model, identifying patterns) to a new data environment (mobility and biometric sensor data) without disclosing any improvement to the machine learning model itself.",637,66,2.48
11388423,0.85,high,"The claim applies a neural network to detect regions of interest without object identification, which is an established machine learning technique applied to a new data environment (video frames) without disclosing any improvement to the neural network architecture, loss function, training procedure, representation, or sampling method.",502,79,1.99
11297001,0.85,high,"The claim applies established machine learning techniques (e.g., identifying user interest based on actions, verifying tokens, transferring resources) to a new data environment (interaction zone, geo-fenced area) without disclosing any technological improvement to the machine learning model itself.",862,76,1.87
11455392,0.85,high,"The claim applies established machine learning techniques (anomaly detection model, event time series analysis) to a new data environment (translational lookaside buffer eviction data) without disclosing any technological improvement to the machine learning model itself.",536,71,2.17
11228568,0.85,high,"The claim applies established techniques (one-way hashing, caching, and content retrieval based on product category) to a new data environment (search queries and mobile app content presentation) without disclosing any technological improvement to the underlying machine learning models or algorithms.",687,74,1.99
11418574,0.85,high,"The claim applies an entropy-based model using mutual information, which is an established machine learning technique, to a new data environment (virtual appliance operational metrics) without disclosing any improvement to the model itself.",507,64,2.04
11495227,0.85,high,"The claim applies established NLP techniques (dependency parsing, SRL, FPR model) to a new business domain (backend process execution) without disclosing any improvement to the machine learning models themselves.",730,63,1.8
11422914,0.85,high,"The claim recites generating a probability density function and metadata based on it, which are established statistical and machine learning techniques applied to a sensing device without disclosing any improvement to the underlying model or algorithm.",452,64,1.95
11514298,0.85,high,"The claim applies established machine learning techniques (neurosynaptic network, ring buffer, disparity mapping) to a new data environment (spiking input sensors) without disclosing any improvement to the model architecture, loss function, training procedure, representation, or sampling method.",483,76,3.0
11423308,0.85,high,"The claim applies established machine learning techniques (classification-based pixel generation with quantized color bins) to image inpainting without disclosing any improvement to the model architecture, loss function, or training procedure.",481,64,2.02
11403550,0.85,high,"The claim applies established machine learning techniques (training, testing, performance measurement) to a new data environment (selecting proper subset and excluded group of classes) without disclosing any improvement to the model architecture, loss function, training procedure, representation, or sampling method.",544,77,2.09
11454202,0.85,high,"The claim applies a classifier to a time series of input signals characterizing injector deformation, using established techniques like summing neighboring probabilities to determine a closure point, without disclosing any improvement to the classifier model itself.",597,65,2.26
11462034,0.85,high,"The claim applies established neural network techniques (layers, score distributions) to generate an output image from a high-level description, without disclosing any specific improvement to the machine learning model architecture, loss function, training procedure, representation, or sampling method.",581,74,2.26
11443412,0.85,high,"The claim applies a standard encoder-decoder neural network architecture to estimate illumination from an input image, without disclosing any improvement to the machine learning model itself, such as a new architecture, loss function, or training procedure.",495,68,2.07
11361046,0.85,high,"The claim applies a machine learning model trained to classify application links as broken or working based on distributions of presentation durations, which is an established ML technique applied to a new data environment (application link testing) without disclosing any improvement to the model itself.",578,74,2.86
11403490,0.85,high,"The claim applies established machine learning techniques (training black-box and interpretable models, generating auxiliary samples, using instance-wise weights) to the problem of local interpretability without disclosing any specific technological improvement to the models themselves.",580,68,2.21
11372868,0.85,high,"The claim applies established machine learning techniques (clustering, tokenization, signature generation) to a new data environment (message clustering) without disclosing any improvement to the underlying machine learning model itself.",598,63,1.64
11417552,0.85,high,"The claim applies established machine learning techniques (Gaussian process model, active learning) to a new data environment (wafer feature determination) without disclosing a specific technological improvement to the model itself.",521,63,2.0
11402235,0.85,high,"The claim applies established machine learning techniques (bootstrap sampling, classification, teaming) to a new data environment (sensor health management) without disclosing a specific technological improvement to the model itself.",507,64,1.8
11314822,0.85,high,"The claim applies established machine learning techniques (relevance scoring, categorization) to a new data environment (voice search queries from a digital assistant) without disclosing any improvement to the machine learning model itself.",528,64,2.09
11537708,0.85,high,"The claim applies established machine learning and NLP techniques to password strength analysis without disclosing any improvement to the underlying models, such as a new architecture or training procedure.",642,56,2.0
11341169,0.85,high,"The claim applies established machine learning techniques (data clustering, training a classification model) to a new data environment (database query optimization) without disclosing any improvement to the model architecture, loss function, training procedure, representation, or sampling method.",465,72,3.0
11297098,0.85,high,"The claim applies established machine learning techniques (ranking, determining based on machine learning) to a new data environment (DDoS defence, flash crowd events) without disclosing any technological improvement to the machine learning model itself.",567,67,1.94
11511598,0.85,high,"The claim applies established machine learning techniques (thermal image recognition, skin temperature analysis) to a new data environment (vehicle thermal comfort) without disclosing any technological improvement to the model itself, such as a new architecture or training procedure.",534,70,2.16
11438639,0.85,high,"The claim applies established keypoint detection and matching techniques (e.g., binary gradient vectors) to a new data environment (video near-duplicate detection) without disclosing any improvement to the underlying machine learning model or algorithm.",558,68,3.68
11276494,0.95,high,"The claim applies established machine learning (logistic regression) to a new data environment (drug-disease interactions) without disclosing any improvement to the model itself, reciting only conventional steps like generating a knowledge graph, computing similarity measures, building feature vectors, and training a logistic regression model.",735,82,2.05
11455418,0.85,high,"The claim applies established machine learning techniques (privacy scoring, data source identification) to a new data environment (user availability) without disclosing any technological improvement to the model itself.",575,60,2.1
11514402,0.85,high,"The claim applies established machine learning techniques (training multiple models, selecting based on validation performance, building an ensemble) to a generic 'online service' without disclosing any improvement to the machine learning models themselves.",733,65,1.96
11386298,0.85,high,"The claim applies established machine learning techniques (teacher-student training, soft labeling) to a new data environment (unlabeled images) without disclosing a specific technological improvement to the model itself.",502,62,1.9
11354755,0.85,high,"The claim applies a predictive model to taxpayer data for generating tax matters and scores, which is an established machine learning technique applied to a new data environment (tax return preparation) without disclosing any improvement to the model itself.",977,68,1.88
11301686,0.85,high,"The claim applies established machine learning techniques (confidence scoring, threshold comparison, inference) to a new data environment (video stream anomaly detection) without disclosing any improvement to the machine learning model itself.",495,63,2.57
11443015,0.85,high,"The claim applies established ARIMA modeling and stratified sampling to web traffic data without disclosing any improvement to the machine learning model itself, such as a new architecture, loss function, or training procedure.",904,63,1.77
11233516,0.0,high,"The claim recites a specific circuit architecture (SFQ combinational logic network, SFQ sequencing circuit, SFQ flip-flop cells) that is a technological improvement to the hardware itself, not an application of established machine learning to a new data environment.",464,75,2.33
11223206,0.85,high,"The claim applies established machine learning techniques (load prediction, bidding/pricing prediction) to a new data environment (electrical grid, synthetic regulation reserves) without disclosing any technological improvement to the machine learning models themselves.",553,67,2.0
11257106,0.95,high,"The claim applies established machine learning techniques (clustering, collaborative filtering, model updating) to a new data environment (transaction data for travel offers) without disclosing any technological improvement to the models themselves.",785,64,2.12
11439754,0.85,high,"The claim applies established machine learning techniques (coarse-to-fine search, cost function evaluation over future cycles) to the new data environment of automated drug delivery without disclosing any improvement to the underlying model architecture, loss function, or training procedure.",558,73,2.04
11373089,0.1,high,"The claim recites a specific technological improvement to the model itself: an optical neural network with a homodyne receiver and integrator for optical weight transmission, which is a new architecture and not merely applying established ML to a new data environment.",612,72,1.95
11321608,0.1,high,"The claim recites a specific hardware architecture for synapse memory cells with NVRAM, a hybrid digital/analog driver system, and a write portion with an output controller, which are technological improvements to the memory system itself, not merely applying established ML to a new data environment.",627,80,2.22
11520977,0.1,high,"The claim recites a specific, multi-step statistical join function with conditional logic (e.g., identifying single rows, executing end condition, partition, merge, outer join) that appears to be a novel algorithm for joining tables, not merely applying established machine learning to a new data environment.",842,81,2.03
11494415,0.85,high,"The claim applies established machine learning techniques (feature extraction, ranking, metaheuristic search) to a classification task without disclosing any improvement to the underlying models, algorithms, or architectures.",783,61,2.02
11341176,0.85,high,"The claim applies established machine learning and NLP techniques (keyword extraction, frequency distribution, mapping) to a new data environment (QA system intent determination) without disclosing any improvement to the machine learning model itself.",588,65,1.84
11508372,0.85,high,The claim applies established machine learning (generating a ranked list using a first machine learned model) to a new data environment (context-based NLU processing) without disclosing any improvement to the machine learning model itself.,605,67,1.83
11379863,0.95,high,"The claim applies established machine learning techniques (probability model, desirability score) to a new data environment (financial and social media data for customer incentives) without disclosing any technological improvement to the model itself, reciting only generic steps like 'determine a probability model' and 'adjust a value of the probability model' that are incident to the very nature of machine learning.",1176,100,2.47
11494290,0.85,high,"The claim applies established machine learning techniques (recurrent neural network and genetic algorithm) to a new data environment (testing a target website) without disclosing any technological improvement to the model itself, such as a new architecture, loss function, or training procedure.",487,75,2.31
11321456,0.85,high,"The claim applies established machine learning techniques (monitoring output distribution and slowing inference based on confidence thresholds) to a new data environment (protecting the model during inference) without disclosing any improvement to the machine learning model itself, such as a new architecture or training procedure.",523,78,2.1
11275746,0.85,high,"The claim applies established machine learning techniques (triggering engine, inference engine, dynamic updating) to a new data environment (search platform item listings) without disclosing any technological improvement to the model itself.",517,64,1.93
11238955,0.85,high,"The claim applies established machine learning techniques (training a classifier, generating training/test data, updating based on comparison of tensors) to a genomic data environment without disclosing any specific technological improvement to the machine learning model itself.",683,68,2.74
11436715,0.85,high,"The claim recites training standard machine learning models (image brand model, augmented image brand model, feature generation model, neural network) without disclosing any specific technological improvement to the models themselves, merely applying established techniques to a new data environment (image brand ranking and financial features).",436,80,2.3
11257073,0.85,high,"The claim applies established machine learning techniques (neural network, training on historical data) to a new data environment (blockchain smart contract transactions) without disclosing any improvement to the machine learning model itself, such as a new architecture, loss function, or training procedure.",719,78,2.1
11238167,0.85,high,"The claim applies established machine learning techniques (inverse transform sampling, garbled circuit protocol) to a new data environment (secret-shared datasets across entities) without disclosing any improvement to the underlying models or algorithms.",617,67,1.8
11392413,0.85,high,"The claim applies established machine learning techniques (usage pattern determination based on location and usage histories) to a new data environment (mobile device context) without disclosing any technological improvement to the model itself, as it merely outputs suggested applications via a GUI.",549,73,2.97
11276064,0.85,high,"The claim applies established machine learning techniques (dynamic graph network flow analysis) to a new data environment (malfeasance detection) without disclosing any technological improvement to the model itself, such as a new architecture or training procedure.",662,70,1.93
11433177,0.85,high,"The claim applies established statistical process control charts to multi-channel filtered measurements including total volume and force profile, without disclosing any improvement to the machine learning model itself.",537,56,1.66
11514667,0.85,high,"The claim applies a standard recurrent neural network equation (ht = fNL(Wf·ht−1 + Wi·xt + b), yt = Wo·ht) to an optical signal processing environment without disclosing any improvement to the RNN architecture, loss function, training procedure, or representation.",648,84,2.01
11334834,0.85,high,"The claim applies established machine learning techniques (asymmetric loss function, tunable coefficients, iterative updating) to a wind farm power forecasting domain without disclosing any specific technological improvement to the model architecture, loss function, or training procedure.",787,70,1.81
11393233,0.85,high,"The claim applies established machine learning techniques (feature vectors, embeddings, scoring model) to a new data environment (structured document images) without disclosing any improvement to the machine learning model itself.",607,62,1.75
11252014,0.85,high,"The claim applies established machine learning techniques (topology model, causal analysis, grouping) to a new data environment (distributed computing performance monitoring) without disclosing any improvement to the machine learning model itself.",524,65,2.16
11526667,0.85,high,"The claim recites fine-tuning a language model and synthesizing samples using established machine learning techniques (fine-tuning, concatenation with SEP/EOS tokens, generation from a prompt) applied to a new data environment (augmenting a training dataset), without disclosing any improvement to the model architecture, loss function, training procedure, or representation.",555,92,2.46
11386382,0.95,high,"The claim applies a machine learning model to predict ACW time based on aggregated data fields, without disclosing any improvement to the model itself, merely using established ML in a contact center data environment.",622,63,1.76
11367271,0.85,high,"The claim applies established machine learning techniques (shared encoder, feature extraction, mask prediction) to a new data environment (query and support images) without disclosing any technological improvement to the model itself.",478,63,1.88
11372657,0.85,high,"The claim applies established machine learning techniques (e.g., input factor node layer, groupings node layer, prediction of next intended action) to a new data environment (adaptive user interfaces) without disclosing any specific technological improvement to the model architecture, loss function, training procedure, or sampling method.",648,82,2.41
11269980,0.85,high,"The claim applies established machine learning techniques (threshold adjustment based on historical success counts) to a new data environment (biometric authentication with terminal identification) without disclosing any improvement to the underlying model architecture, loss function, training procedure, representation, or sampling method.",677,76,1.91
11278246,0.85,high,"The claim applies established signal processing (power spectra, spectral roughness) and changepoint analysis to respiratory data from a digital stethoscope, without disclosing any improvement to the underlying models or algorithms.",536,64,1.89
11349853,0.85,high,"The claim applies established machine learning concepts (breach score, risk score, decay over time) to a new data environment (phishing risk assessment) without disclosing any technological improvement to the model itself.",473,65,2.01
11361218,0.15,high,"The claim recites a specific technological improvement to the ANN training process using RPU devices with pre-normalizers and post-normalizers that compute and update mean and standard deviation with a discounting factor, which is a novel training procedure for analog hardware, not merely applying established ML to a new domain.",881,83,2.78
11509292,0.15,high,"The claim recites an adaptive filter with specific inputs and targets for coefficient control, which is a technological improvement to the model itself (adaptive filtering for impedance identification), not merely applying established ML to a new data environment.",521,67,1.81
11507834,0.85,high,The claim applies established machine learning techniques (word-by-word and semantic matching) to a new data environment (question-answering) without disclosing any improvement to the underlying models or algorithms.,648,62,1.64
11215967,0.85,high,"The claim applies established machine learning techniques (ranking, recommendation) to a new data environment (industrial equipment abnormal condition) without disclosing any technological improvement to the model itself.",636,58,1.67
11288438,0.85,high,"The claim applies established machine learning techniques (encoding, learning dependencies, generating responses) to a new data environment (video-grounded dialogue) without disclosing any specific technological improvement to the model architecture, loss function, training procedure, representation, or sampling method.",508,75,1.99
11451480,0.85,high,"The claim applies established machine learning (predictive model) to video data from a source application, with pre-processing steps like cropping and discarding data, without disclosing any improvement to the model itself.",505,64,2.26
11602635,0.85,high,"The claim applies established machine learning techniques (e.g., using estimated volumes of activation and clinical indications to determine a recommended VOA) to a new data environment (electrical stimulations of a patient population) without disclosing any improvement to the machine learning model itself, such as a new architecture or training procedure.",545,86,2.27
11789940,0.85,high,"The claim applies established machine learning techniques (training a model on a parallel corpus, parsing, identifying operators/attributes/constraints) to the new data environment of natural language to machine language query translation, without disclosing any specific technological improvement to the model architecture, loss function, training procedure, representation, or sampling method.",602,88,2.19
11609927,0.85,high,"The claim applies established machine learning techniques (feature store generation) to a new data environment (external ML development environment) without disclosing any improvement to the machine learning model itself, reciting only generic database operations and format changes.",611,69,1.95
11836746,0.85,high,"The claim applies established autoencoder techniques (encoding/decoding with standard logistic function, reconstruction error minimization) to fraud detection without disclosing any improvement to the machine learning model itself, merely reciting generic operations like 'minimizing the reconstruction error' and 'calculating a reconstruction error' that are incident to the nature of autoencoders.",937,93,2.41
11683245,0.85,high,"The claim applies established machine learning techniques (predicting, selecting, calculating similarity and frequency-based rankings, anomaly detection via binary choice) to a new data environment (user queries for application/device issue resolution) without disclosing any technological improvement to the machine learning model itself.",650,78,2.25
11620595,0.85,high,"The claim applies established reinforcement learning and embedding techniques to the domain of online connection recommendations without disclosing any improvement to the machine learning model itself, such as a new architecture, loss function, or training procedure.",653,65,1.73
11561607,0.15,high,"The claim recites a specific technological improvement to the model itself: encoding logical rules in an analog content addressable memory (aCAM) with analog values, which is a novel hardware-software integration, not merely applying established ML to a new domain.",607,74,2.0
11558276,0.85,high,"The claim applies established machine learning techniques (determining predicted latency guidance data based on network latency data) to a new data environment (radio access network latency) without disclosing any improvement to the machine learning model itself, such as a new architecture or training procedure.",496,76,2.34
11620719,0.85,high,"The claim applies established machine learning techniques (linguistic analysis, threshold-based identification, correlation matching) to a new data environment (search queries and content interaction) without disclosing any technological improvement to the machine learning models themselves.",660,68,1.92
11599732,0.95,high,"The claim applies established machine learning techniques (sentiment analysis, linguistic processing, multi-dimensional scoring) to a new data environment (third-party selection based on artifacts) without disclosing any improvement to the machine learning models themselves.",1242,68,1.82
11776277,0.85,high,"The claim applies established machine learning techniques (first classifier for object detection, second classifier with recursive structure for state identification) to a new data environment (time series images) and includes features like iterative updating of internal state that are incident to the very nature of machine learning, without disclosing a specific technological improvement to the model itself.",664,89,2.37
11565412,0.15,high,"The claim recites generating curl-free kernels via convex optimization to produce vector fields for a dynamical systems control policy, which specifies a new kernel type and optimization method, indicating a technological improvement to the model itself.",526,65,2.09
11689663,0.85,high,"The claim applies a predictive model to a new data environment (customer journeys) without disclosing any improvement to the model itself, merely using established machine learning techniques to estimate customer metrics.",558,60,1.73
11651583,0.85,high,"The claim applies established techniques (Kalman filtering, sensor fusion, object matching) to an autonomous vehicle environment without disclosing any improvement to the machine learning models themselves.",651,57,1.98
11703850,0.85,high,The claim applies established machine learning techniques (processing raw data to obtain insights and remedial actions) to a new data environment (equipment condition monitoring) without disclosing any technological improvement to the machine learning model itself.,605,66,2.22
11710497,0.85,high,"The claim applies established machine learning techniques (topic modeling, keyword extraction, similarity-based clustering) to a new data environment (speech segments) and a business problem (predicting user functions) without disclosing any technological improvement to the underlying models.",663,73,2.6
11611466,0.85,high,"The claim applies established machine learning techniques (simulation, impact estimation) to a new data environment (network failure mitigation) without disclosing any improvement to the machine learning model itself.",560,60,1.79
11687832,0.85,high,"The claim recites 'asynchronously update values of each of the parameters of the machine learning model based on delta values received from a plurality of model replicas' and 'determine delta values for the parameters based on stochastic gradient descent', which are established machine learning techniques applied to a distributed computing environment without disclosing a specific technological improvement to the model itself.",549,96,2.47
11613255,0.85,high,"The claim applies established sensor fusion and hypothesis generation techniques to a surveillance environment without disclosing any improvement to the underlying machine learning model, architecture, or training procedure.",526,56,1.74
11568295,0.1,high,"The claim recites generating unitary-valued functions using projectors with a predetermined number of significant bits, which involves a specific technical improvement in quantum computing representation rather than applying established ML to a new domain.",406,60,2.12
11556804,0.85,high,"The claim applies established machine learning techniques (iterative prediction, error-based updating, priority adjustment) to a control apparatus without disclosing any improvement to the underlying model architecture, loss function, or training procedure.",684,65,1.89
11838188,0.85,high,"The claim applies a generic 'model' to network data for SLA scoring without disclosing any improvement to the model itself, resembling Recentive-vulnerable language that applies established ML to a new data environment.",536,65,1.96
11747444,0.85,high,"The claim applies established machine learning to a new data environment (LiDAR frame) without disclosing any improvement to the machine learning model itself, as it merely uses spatial, radiometric, and structural parameters as input to a model for classification.",621,72,2.77
11647048,0.85,high,The claim applies established machine learning techniques (iterative rule generation and evaluation using histograms) to a new data environment (client-server rule generation) without disclosing any improvement to the machine learning model itself.,802,65,2.08
11704542,0.15,high,"The claim recites a specific technological improvement to the model itself: 'forming a Convolutional Dynamic Boltzmann Machine (C-DyBM) by extending a non-convolutional DyBM with a convolutional operation' and 'dynamically down-sampling ... using a down-sampling function that takes a maximum value over sub-temporal regions along with increasing a window size exponentially', which are new architectures and training procedures, not merely applying established ML to a new domain.",555,116,2.72
11763706,0.85,high,"The claim applies established machine learning techniques (neural network, natural language processing) to a new data environment (crowd classification at viewing events) without disclosing any improvement to the model itself.",581,63,1.9
11817204,0.85,high,"The claim applies established deep learning ensemble and weighted region techniques to medical imaging scans without disclosing any improvement to the machine learning models themselves, such as a new architecture or training procedure.",677,60,1.84
11777813,0.85,high,"The claim applies established machine learning techniques (posterior inference, iterative updating) to a new data environment (island-level event data) without disclosing any improvement to the machine learning model itself.",668,63,2.0
11590929,0.85,high,"The claim applies a neural network to determine occupant and component from sensor data, which is an established machine learning technique applied to a new vehicular environment without disclosing any improvement to the neural network model itself.",528,65,1.96
11671638,0.85,high,"The claim applies established techniques (determining values based on viewing modes, adjusting counts) to a new data environment (video asset segments) without disclosing any technological improvement to the underlying machine learning model.",610,64,1.77
11776281,0.85,high,"The claim applies established neural network techniques (semantic keypoint prediction, confidence heatmap, classification) to a new data environment (traffic light detection in vehicle images) without disclosing any improvement to the machine learning model itself.",621,70,2.63
11790015,0.85,high,"The claim applies established machine learning techniques (document and passage-level information extraction, top-k retrieval) to a new data environment (post-retrieval query performance prediction) without disclosing any technological improvement to the model itself.",542,68,1.94
11562270,0.85,high,"The claim applies established iterative training and preemption techniques to a distributed environment without disclosing any improvement to the machine learning model itself, such as a new architecture or training procedure.",530,59,2.13
11818290,0.85,high,"The claim applies established machine learning techniques (scoring, skill assignment, engagement measurement) to a call center workload management problem without disclosing any technological improvement to the underlying models.",598,59,1.72
11853863,0.85,high,"The claim applies established machine learning techniques (artificial neural network, training, clustering) to a new data environment (tire and wheel assembly operating parameters) without disclosing any technological improvement to the model itself, such as a new architecture, loss function, or training procedure.",718,79,2.19
11848792,0.85,high,"The claim applies established machine learning to generate an engagement metric from meeting data and uses threshold-based logic to regulate a media stream, without disclosing any improvement to the machine learning model itself.",610,61,2.18
11689577,0.85,high,"The claim applies established machine learning techniques (monitoring behavior, building a permissions map based on API calls, and dynamically updating rules) to a new data environment (mobile app permissions) without disclosing any improvement to the machine learning model itself.",545,72,2.64
11651757,0.85,high,"The claim applies established machine learning techniques (pitch event extraction, vowel formant identification, prosodic analysis) to a new data environment (lyrical input for music generation) without disclosing any technological improvement to the underlying models or algorithms.",630,72,2.06
11783423,0.95,high,"The claim applies a generic machine learning algorithm to predict risk units from sensor data and generate an insurance premium, without disclosing any improvement to the machine learning model itself.",668,57,2.16
11809972,0.85,high,"The claim applies established machine learning techniques (e.g., training an intermediate model on private data) to a new data environment (federated learning) without disclosing any improvement to the machine learning model itself, such as a new architecture or training procedure.",523,75,2.64
11568257,0.15,high,"The claim recites a specific technological improvement to the model itself—splitting a neural network into two portions for distributed computation—which is a novel architecture or training procedure, not merely applying established ML to a new data environment.",514,70,2.03
11775347,0.85,high,"The claim applies established watermarking techniques to an AI model using a DP accelerator, without disclosing any improvement to the watermark algorithm or model architecture itself.",499,54,1.82
11636085,0.85,high,"The claim applies established similarity measures (X, Y, Z) and a weighted combination to a new data environment (multiple data systems) without disclosing any improvement to the underlying machine learning models or similarity computation techniques.",873,67,2.04
11599769,0.85,high,"The claim applies established convolutional neural network techniques (word embeddings, convolutional layers) to a question-answer matching task without disclosing any improvement to the model architecture, loss function, training procedure, or representation.",615,65,1.95
11657373,0.85,high,"The claim applies established machine learning techniques (feature extraction, SIFT, fully connected layer, Softmax) to a new data environment (UAV images of utility poles) without disclosing any technological improvement to the models themselves.",718,69,2.4
11748621,0.85,high,"The claim applies established machine learning models (first and second ML models, deep learning model, classifier) to a new data environment (generated input document, remote computing asset) without disclosing any technological improvement to the models themselves.",496,70,3.35
11830071,0.85,high,"The claim applies established machine learning techniques (risk factor manager, risk ratio manager, rules component) to a new data environment (financial desk customer-facing risk determination) without disclosing any technological improvement to the model itself.",606,67,2.04
11657627,0.85,high,"The claim applies established machine learning techniques (object detection, spatial relationship analysis, text recognition) to a new data environment (video frames) without disclosing any improvement to the underlying models themselves.",468,62,1.82
11726889,0.85,high,"The claim applies established machine learning techniques (first-order classification, attention-based framework) to a new data environment (software alert data objects) without disclosing any technological improvement to the models themselves.",672,62,1.83
11689518,0.85,high,"The claim applies established machine learning and natural language processing to a new data environment (meeting request data, calendar data, etc.) for generating an authentication message, without disclosing any improvement to the machine learning model itself.",582,68,1.99
11798036,0.85,high,"The claim applies established machine learning techniques (diversity multiplier, relevance score, re-ordering) to a new data environment (promotion set for consumers) without disclosing any technological improvement to the model itself.",533,66,1.99
11748435,0.85,high,The claim applies established machine learning techniques (determining a user interaction function and generating recommendations) to a new data environment (transformed raw user log data with key page mappings and engagement metrics) without disclosing any improvement to the machine learning model itself.,648,74,2.17
11550068,0.85,high,"The claim applies a GNSS localization model (an established machine learning technique) to a new data environment (GNSS signal features and modeled environmental features) without disclosing any improvement to the model itself, such as a new architecture or training procedure.",615,73,2.02
11797781,0.85,high,"The claim applies established machine translation techniques (syntax-based reordering) to a new data environment (source/target language texts) without disclosing any improvement to the underlying model architecture, loss function, or training procedure.",589,68,2.8
11805005,0.85,high,The claim applies established machine learning techniques (predicting a service event based on status notifications) to a new data environment (service assurance) without disclosing any technological improvement to the model itself.,510,62,1.98
11768892,0.85,high,"The claim applies established machine learning techniques (pre-trained ranking model, semantic coding) to a new data environment (POI name extraction from image text fragments) without disclosing any improvement to the model architecture, loss function, training procedure, or representation.",630,74,1.94
11676006,0.85,high,"The claim applies established machine learning techniques (domain expert models, neural mixture component, weighted output) to a new data environment without disclosing any technological improvement to the model itself, such as a new architecture, loss function, or training procedure.",532,72,2.29
11714477,0.85,high,"The claim applies established machine learning (inference pass on a model) to a new data environment (ambient computing system with sensor signals) without disclosing any improvement to the model itself, such as a new architecture or training procedure.",591,71,2.33
11797595,0.85,high,"The claim applies established machine learning techniques (e.g., training a model on historical queries and user interactions) to a new data environment (enterprise search with user-specific context) without disclosing any improvement to the machine learning model itself, such as a new architecture or training procedure.",773,80,2.17
11669744,0.85,high,"The claim applies established neural architecture search techniques (evolutionary mutation, asynchronous training) to a generic machine learning task without disclosing a specific improvement to the model architecture, loss function, or training procedure.",729,64,2.17
11676576,0.85,high,The claim applies an 'organizational language model' trained on organizational data to a new data environment (tenant-specific speech recognition) without disclosing any improvement to the machine learning model itself.,454,61,1.79
11745344,0.85,high,The claim applies established machine learning techniques (suspending/resuming automated processes based on trigger events) to a new data environment (workflow automation with software robots) without disclosing any technological improvement to the model itself.,509,68,1.79
11750552,0.85,high,"The claim applies established machine learning techniques (training, feature identification, convergence evaluation) to a new data environment (user responses to questions) without disclosing any improvement to the model architecture, loss function, training procedure, representation, or sampling method.",705,73,2.04
11636481,0.1,high,"The claim recites specific hardware components (cash handling device, item accepting and dispensing device) and a particular authentication and transaction flow, not applying established machine learning to a new data environment.",634,61,2.42
11665589,0.85,high,"The claim applies a model trained on mapping changes in RAN resource configurations to compute resources needed, which is an established machine learning technique applied to a new data environment (RAN resource allocation) without disclosing any improvement to the model itself.",538,72,1.82
11657797,0.85,high,The claim applies established machine learning techniques (predictive models for skill and intent confidence scoring) to a new data environment (chatbot routing) without disclosing any improvement to the machine learning models themselves.,839,64,1.95
11797544,0.85,high,"The claim applies established machine learning techniques (feature comparison, weighted scoring based on implicit feedback) to a new data environment (search result relevance) without disclosing any technological improvement to the model itself.",648,63,1.79
11720613,0.85,high,"The claim applies established information gain scoring to rank documents based on novelty relative to previously accessed documents, without disclosing any improvement to the underlying machine learning model or scoring technique.",573,58,1.87
11848083,0.85,high,"The claim applies established machine learning techniques (training with prior performances, classification) to a new medical data environment without disclosing any improvement to the machine learning model itself.",492,57,2.03
11562244,0.85,high,"The claim applies established adversarial training and model compression techniques to a new data environment (hardening compressed architectures) without disclosing a specific technological improvement to the machine learning model itself, such as a new architecture, loss function, or training procedure.",625,72,1.84
11645501,0.1,high,"The claim recites a specific hardware architecture with uncoupled local clocks and neurosynaptic processors, which is a technological improvement to the model itself, not merely applying established ML to a new data environment.",581,64,1.86
11562174,0.85,high,"The claim applies established machine learning training techniques to a multi-fidelity simulation data environment without disclosing any improvement to the machine learning model itself, such as a new architecture, loss function, or training procedure.",524,65,1.87
11594045,0.85,high,"The claim applies established machine learning (object recognition model) to a new data environment (video feed from a camera) without disclosing any technological improvement to the model itself, such as a new architecture or training procedure.",497,67,1.81
11785038,0.85,high,"The claim applies established machine learning techniques (transfer learning) to a new data environment (enterprise security policy toggling) without disclosing any improvement to the machine learning model itself, as it merely toggles policies and compares log elements.",632,73,2.81
11608532,0.95,high,The claim applies established biomarker detection techniques to a new medical condition (suicidality) without disclosing any improvement to the machine learning models or biomarker analysis methods themselves.,2412,58,2.5
11651293,0.15,high,"The claim recites a specific training protocol (ADPSGD) and a hierarchical learner structure, which are technological improvements to the machine learning model itself, not merely applying established ML to a new data environment.",521,65,2.15
11646971,0.1,high,"The claim recites a specific technological improvement to network congestion management using a backpressure state, timer, and bad actor state, which is a new mechanism for memory management and packet dropping, not merely applying established ML to a new domain.",509,71,2.01
11822591,0.85,high,"The claim applies established NLP techniques (lexical analysis, tokenization, subject scoring) to a new data environment (querying recordings) without disclosing any improvement to the underlying machine learning models.",600,63,1.8
11599774,0.3,medium,"The claim recites adding dynamic noise to gradients during SGD, which is a specific modification to the training procedure (a model-level improvement), but the language is generic and does not detail a new architecture or loss function, so it partially resembles Recentive-vulnerable claims.",462,78,1.98
11637839,0.85,high,"The claim applies a clustering algorithm (an established machine learning technique) to a new data environment (webpage components) without disclosing any improvement to the clustering algorithm itself, and features like 'threshold number of attempts' are incident to the nature of machine learning.",633,76,1.94
11562137,0.85,high,"The claim applies established machine learning techniques (hash table, frequency thresholding, dictionary updating, retraining) to a natural language understanding process without disclosing any improvement to the model architecture, loss function, training procedure, representation, or sampling method.",735,73,1.87
11734156,0.85,high,"The claim applies a neural network to estimate a blame frame from a crash stack, using features and attention, without disclosing any improvement to the neural network architecture, loss function, training procedure, or representation, thus resembling Recentive-vulnerable language that applies established ML to a new data environment.",591,83,2.27
11651024,0.85,high,"The claim applies established machine learning classifiers to a new data environment (inventory management) without disclosing any improvement to the classifiers themselves, as it merely uses 'a first classifier that has been trained on source images' and 'a second classifier, that has been trained on source textual information' without specifying any technological improvement to the model architecture, loss function, training procedure, representation, or sampling method.",609,104,2.66
11562123,0.85,high,"The claim applies established machine learning techniques (self-attention, subword segmentation, relative position encoding) to a new data environment (position information fusion for subwords) without disclosing a specific technological improvement to the model architecture, loss function, training procedure, representation, or sampling method.",631,81,2.08
11704559,0.85,high,"The claim applies a standard graph convolutional network (GCN) to generate embeddings for GUI layouts and queries a repository, which is an established ML technique applied to a new data environment (GUI layouts) without disclosing any improvement to the GCN model itself.",563,75,2.01
11809804,0.85,high,"The claim applies established machine learning to generate formatting operations for sub-words based on raw text, without disclosing any improvement to the ML model itself, similar to applying ML to a new data environment.",486,64,1.72
11741345,0.15,high,"The claim recites a specific hardware architecture with first and second processing circuits, arrays of processing engines, and memory banks, which is a technological improvement to the neural network processing system itself, not merely applying established ML to a new data environment.",596,72,2.13
11556231,0.85,high,"The claim applies established machine learning techniques (action classification, task completion indicators, natural language processing) to a new data environment (user interface input and action member selection) without disclosing any technological improvement to the machine learning model itself.",683,70,1.91
11803887,0.85,high,The claim applies established machine learning techniques (selecting an agent based on evaluation of user position) to a new data environment (real environment interactions with entities) without disclosing any improvement to the machine learning model itself.,587,67,2.19
11562476,0.85,high,"The claim applies established machine learning techniques (training a module to minimize a difference between simulated and corrected images) to a new data environment (semiconductor specimen images and design images) without disclosing any specific technological improvement to the machine learning model itself, such as a new architecture, loss function, or training procedure.",554,86,2.2
11836612,0.75,high,"The claim applies a neural network with a weighted loss function to a hierarchical dependency problem, which is an established machine learning technique applied to a new data environment (data record updating) without disclosing a specific technological improvement to the model architecture, loss function design, or training procedure.",559,79,2.35
11740863,0.85,high,"The claim applies established machine learning techniques (confidence scoring, query routing) to a new data environment (voice assistant query handling) without disclosing any technological improvement to the model itself.",523,60,1.78
11544585,0.85,high,"The claim applies established machine learning techniques (anomaly detector, iterative training implied by 'prior telemetry data') to a new data environment (streaming telemetry) without disclosing any improvement to the machine learning model itself, such as a new architecture or training procedure.",671,79,2.3
11663456,0.85,high,"The claim applies established deep learning techniques (feature extraction, transfer learning, training on context-dependent data) using a standard deep learning framework and GPU acceleration, without disclosing any improvement to the machine learning model itself, such as a new architecture, loss function, or training procedure.",608,79,2.07
11615533,0.85,high,"The claim recites 'adjusting a classification algorithm based on the first set of X-ray images' without specifying any technological improvement to the algorithm itself, merely applying established machine learning techniques to a new data environment (X-ray inspection).",558,71,1.97
11794762,0.85,high,"The claim applies established machine learning techniques (occlusion detection, risk assessment, prioritization) to a new data environment (autonomous vehicle sensor data) without disclosing any technological improvement to the underlying model.",524,65,1.79
11545151,0.85,high,"The claim applies established machine learning techniques (e.g., generating a confidence metric for predicting action request confirmation) to a new data environment (spoken utterances in a multi-application interface) without disclosing any technological improvement to the machine learning model itself.",733,73,2.37
11748395,0.85,high,The claim applies established machine learning (NLP and ML model) to a new data environment (data cataloging and application-data mapping) without disclosing any improvement to the machine learning models themselves.,592,63,1.92
11631230,0.85,high,The claim applies established machine learning techniques (simultaneous optimization of lighting and algorithm parameters) to a new data environment (lighting condition setting for object checking) without disclosing a specific technological improvement to the model itself.,561,68,2.18
11568320,0.85,high,"The claim applies established machine learning techniques (training an error ML model, adjusting outputs based on error) to a database system testing environment without disclosing any specific technological improvement to the ML model architecture, loss function, training procedure, representation, or sampling method.",583,75,1.99
11615613,0.85,high,"The claim applies established machine learning techniques (signboard recognition, clustering based on positioning distance and content similarity, text recognition) to a new data environment (real-scene images from terminal devices) without disclosing any improvement to the machine learning models themselves.",747,74,2.09
11816915,0.85,high,"The claim applies established machine learning techniques (key point extraction model, Gaussian heatmaps) to a new data environment (human body 3D key point detection) without disclosing any improvement to the model architecture, loss function, training procedure, representation, or sampling method.",781,78,2.18
11755844,0.85,high,The claim applies established machine learning techniques (classification and clustering) to a new data environment (electronic messages) without disclosing any technological improvement to the models themselves.,503,56,2.04
11631032,0.85,high,"The claim applies established machine learning techniques (iterative training, synthetic data generation based on misclassifications) to a general data environment without disclosing any specific technological improvement to the model architecture, loss function, training procedure, representation, or sampling method.",574,74,2.0
11636501,0.85,high,"The claim applies established machine learning techniques (cohort-based CTR metrics, intersection filtering, cumulative scoring, and iterative updating) to the new data environment of news article delivery without disclosing any improvement to the machine learning model itself.",783,69,2.1
11550751,0.85,high,"The claim applies a trained conditional language model (established ML technique) to a data entry system without disclosing any improvement to the model architecture, loss function, training procedure, or representation, merely using it for search query expansion in a new domain.",720,73,2.32
11601787,0.85,high,The claim applies established blockchain verification to a vehicle communication environment without disclosing any technological improvement to the blockchain or machine learning model itself.,530,50,1.63
11853713,0.85,high,"The claim applies established machine learning techniques (entropy measures, similarity computation, AI system for task selection) to graph-structured dynamic network data without disclosing any specific technological improvement to the machine learning models themselves.",699,65,1.92
11605384,0.85,high,The claim applies established machine learning techniques (detecting speech irregularities) to a new data environment (presenting interrupting content during speech) without disclosing any technological improvement to the model itself.,503,61,1.66
11755923,0.85,high,"The claim applies established plan recognition and planning techniques to a malware detection domain without disclosing any improvement to the underlying machine learning models, algorithms, or data structures.",869,56,1.71
11854074,0.85,high,"The claim applies established machine learning techniques to a new data environment (syndicate loan agreements) without disclosing any technological improvement to the machine learning model itself, as it merely recites 'utilize machine learning techniques' without specifying a new architecture, loss function, training procedure, representation, or sampling method.",719,86,2.03
11748400,0.85,high,"The claim applies established graph traversal and similarity-based retrieval techniques to a new data environment (retrieval graph) without disclosing any improvement to the underlying machine learning model, architecture, or training procedure.",531,64,2.06
11797877,0.85,high,"The claim applies established machine learning techniques (training a predictive model using annotated training data) to a new data environment (computing process failure prediction) without disclosing any improvement to the model itself, such as a new architecture or training procedure.",762,72,2.15
11550682,0.85,high,"The claim applies a trained AI model to generate synthetic system faults without disclosing any improvement to the model architecture, loss function, training procedure, or representation, merely using established machine learning techniques in a new data environment (system fault generation).",489,72,2.13
11568292,0.85,high,The claim applies established machine learning techniques (trend significance determination using historical windows and thresholds) to a new data environment (machine sensor readings) without disclosing any improvement to the machine learning model itself.,626,64,1.87
11775855,0.85,high,"The claim recites a system that routes tasks to quantum computing resources and classical hardware accelerators, which applies established resource management techniques to a new data environment (quantum computing) without disclosing any technological improvement to the underlying machine learning models or resource allocation algorithms.",506,76,1.95
11809964,0.85,high,"The claim applies established machine learning techniques (hierarchical clustering, recursive allocation) to a new data environment (investment universe with integer constraints and odd lots) without disclosing any improvement to the machine learning models themselves.",545,67,1.77
11651768,0.85,high,"The claim applies established machine learning techniques (iterative training, loss minimization) to a new data environment (augmenting with stop words for out-of-domain utterances) without disclosing a specific technological improvement to the model itself.",818,69,1.81
11797876,0.15,high,"The claim recites a specific technological improvement to the model itself: optimizing a computational graph by selecting a template for a computer vision operator (argsort) with a detailed procedure for GPU-optimized sorting, which goes beyond merely applying established ML to a new data environment.",681,78,1.99
11816429,0.85,high,The claim applies established machine learning techniques (computing relevance weights based on usage histories) to a new data environment (collaborative document system) without disclosing any improvement to the machine learning model itself.,691,65,1.88
11836578,0.85,high,"The claim applies established machine learning techniques (kernel density estimation, quantile model, discrete cosine transform) to a new data environment (cloud computing resource usage) without disclosing any improvement to the machine learning models themselves, such as a new architecture, loss function, or training procedure.",812,80,1.93
11563781,0.85,high,"The claim applies an established NLP module to process communications for temporal commitments, without disclosing any improvement to the NLP model itself, merely using it in a new data environment (computer network communications).",497,63,1.75
11571809,0.85,high,"The claim applies established machine learning techniques (value function, state-action pairs, value distributions) to a robotic task without disclosing any improvement to the machine learning model itself, such as a new architecture or training procedure.",533,67,1.96
11804998,0.3,medium,"The claim recites a specific technological improvement: using a PRT neural network in the transmitter and a receiver neural network trained based on transmitter outputs, which goes beyond merely applying established ML to a new data environment.",450,66,1.94
11646038,0.85,high,"The claim applies established machine learning techniques (voiceprint generation, similarity scoring, and accumulated voiceprint comparison) to a new data environment (separating and authenticating speech from an audio stream of multiple speakers) without disclosing any technological improvement to the underlying model itself.",628,77,1.98
11615605,0.85,high,"The claim applies established machine learning techniques (depth estimation, feature extraction, coordinate conversion) to a new data environment (vehicle images to bird's-eye view) without disclosing any improvement to the machine learning models themselves.",638,67,2.14
11847561,0.85,high,"The claim applies established machine learning techniques (multiple ANNs with different layer partitions, training with compression) to a new data environment (partitioning processing tasks between devices based on operating parameters) without disclosing a specific technological improvement to the model architecture, loss function, training procedure, representation, or sampling method.",718,85,2.42
11797755,0.85,high,"The claim applies established machine learning techniques (training models, aligning embeddings) to a new data environment (synthetically populated target templates) without disclosing any technological improvement to the models themselves.",678,62,1.8
11783809,0.85,high,"The claim applies a 'dynamic classifier' to audio data for self-voice detection, which is an established machine learning technique applied to a new data environment (microphone outputs) without disclosing any improvement to the classifier model itself.",513,70,2.02
11605467,0.85,high,"The claim applies established clustering and scoring algorithms to patient data and treatment outcomes without disclosing any improvement to the machine learning models themselves, merely using them in a new data environment.",735,59,1.68
11604963,0.85,high,"The claim applies established convolutional neural network techniques (generator and discriminator) to image generation without disclosing any specific technological improvement to the model architecture, loss function, or training procedure.",451,61,1.71
11759043,0.85,high,"The claim applies established machine learning techniques (deep neural network model) to a new data environment (heating apparatus with sensors) without disclosing any technological improvement to the model itself, such as a new architecture or training procedure.",653,69,1.97
